,Channel,Tweets,Time,Compound Score,Positive Score,Negative Score,Neutral Score
0,BBC,"RT @BBCOne: SO. MUCH. CUTE. üòç
#AttenboroughandtheGiantElephant https://t.co/4UyVvh6qBm",Sun Dec 10 21:34:02 +0000 2017,0.6915,0.44,0.0,0.56
1,BBC,RT @BBCEarth: 'Never before have we had such an awareness of what we are doing to the planet and never before have we had the power to do s‚Ä¶,Sun Dec 10 21:02:27 +0000 2017,0.0,0.0,0.0,1.0
2,BBC,"üåπ@DuaLipa performing 'Homesick' was a completely stunning way to end this series of #SLFN. üíñ
Watch in full üëâ‚Ä¶ https://t.co/LgMlMfnv7F",Sun Dec 10 21:00:06 +0000 2017,0.4391,0.145,0.0,0.855
3,BBC,"RT @BBCEarth: 'What shocks me ...is how fast things are changing here. We‚Äôre headed into uncharted territory' - @expeditionlog
#BluePlanet2‚Ä¶",Sun Dec 10 20:58:15 +0000 2017,-0.3818,0.0,0.126,0.874
4,BBC,"RT @BBCOne: If we don‚Äôt act, coral reefs could be gone by the end of this century. üò¢ #BluePlanet2 https://t.co/OdOSKBtz0S",Sun Dec 10 20:57:07 +0000 2017,0.0,0.0,0.0,1.0
5,BBC,"RT @BBCEarth: In 1986, many nations decided to end commercial whaling, and fishermen are now reporting pods of whales with numbers never se‚Ä¶",Sun Dec 10 20:49:42 +0000 2017,0.0,0.0,0.0,1.0
6,BBC,"Little things can make a big difference.
#BluePlanet2 via @BBCEarth https://t.co/hyzwA06cNw",Sun Dec 10 20:45:04 +0000 2017,0.0,0.0,0.0,1.0
7,BBC,"RT @BBCSpringwatch: Manmade materials are destroying #OurBluePlanet - this is how
#BluePlanet2 
https://t.co/sEccQzjv1r https://t.co/7ZmDOz‚Ä¶",Sun Dec 10 20:43:59 +0000 2017,-0.5574,0.0,0.231,0.769
8,BBC,"RT @BBCEarth: It‚Äôs estimated that tens of millions of sharks are killed each year from getting trapped in fishing nets
#BluePlanet2 https:/‚Ä¶",Sun Dec 10 20:43:18 +0000 2017,-0.836,0.0,0.283,0.717
9,BBC,RT @BBCOne: These are *all* items regurgitated by birds. üò• #BluePlanet2 https://t.co/WyFtZHjKjx,Sun Dec 10 20:24:26 +0000 2017,0.0,0.0,0.0,1.0
10,BBC,"RT @BBCOne: Our rubbish, our responsibility. ‚úä #BluePlanet2 

Find out more about what you can do to help: https://t.co/LiA3x5I2gk. https:/‚Ä¶",Sun Dec 10 20:24:19 +0000 2017,0.4019,0.13,0.0,0.87
11,BBC,Eight delightful dolphin photos that'll inspire you to help clean up our oceans. #BluePlanet2 üê¨‚ù§Ô∏èÔ∏è‚Ä¶ https://t.co/PP5l7QrqFP,Sun Dec 10 20:20:04 +0000 2017,0.9169,0.518,0.0,0.482
12,BBC,"RT @BBCEarth: ‚ÄòWe‚Äôre only now beginning to realise what an impact noise is having on the inhabitants of the ocean‚Äô ‚Äì David Attenborough
#Bl‚Ä¶",Sun Dec 10 20:14:12 +0000 2017,0.0,0.0,0.0,1.0
13,BBC,"RT @BBCOne: ""The oceans are under threat now as never ever before in human history."" - Sir David Attenborough. #BluePlanet2 https://t.co/yn‚Ä¶",Sun Dec 10 20:04:45 +0000 2017,-0.5267,0.0,0.152,0.848
14,BBC,"RT @BBCEarth: The countdown is on! The final episode of #BluePlanet2: Our Blue Planet starts 8pm GMT on @BBCOne, BBC Earth Nordics &amp; @BBCEa‚Ä¶",Sun Dec 10 19:58:55 +0000 2017,0.0,0.0,0.0,1.0
15,BBC,"RT @BBCSpringwatch: Seven British conservation heroes you should know about - this lot deserve endless üëèüèΩüëèüèΩ
#BluePlanet2 #OurBluePlanet 
ht‚Ä¶",Sun Dec 10 19:58:19 +0000 2017,0.5106,0.163,0.0,0.837
16,BBC,"'Good luck, little leatherback' - Sir David Attenborough üê¢

#BluePlanet2 | 8PM | @BBCOne https://t.co/vMliWBZFBE",Sun Dec 10 19:50:01 +0000 2017,0.7096,0.396,0.0,0.604
17,BBC,"'There's a huge bomb up there. I'm 76% sure. It's not like the penguin hostage situation.' üêßüòÇ
#ScotSquad via‚Ä¶ https://t.co/x8I92iMImk",Sun Dec 10 19:30:02 +0000 2017,-0.1803,0.185,0.213,0.602
18,BBC,Miles of cable and thousands of twinkling bulbs have been used to create the longest festive tunnel of light in Eur‚Ä¶ https://t.co/C22wpljo2u,Sun Dec 10 19:00:02 +0000 2017,0.6249,0.203,0.0,0.797
19,BBC,"Tonight, David Attenborough investigates the remarkable story of Jumbo the elephant. Attenborough and the Giant Ele‚Ä¶ https://t.co/4NK1B5ZNwr",Sun Dec 10 18:33:05 +0000 2017,0.5574,0.184,0.0,0.816
20,BBC,"98-year-old Mary wins Christmas, and our hearts. üéÅ‚ù§Ô∏èÔ∏è
Via @BBCLookNorth. https://t.co/4gOl16THuM",Sun Dec 10 18:00:06 +0000 2017,0.5719,0.27,0.0,0.73
21,BBC,RT @BBCTwo: Who wants a Sneaky Peak at the next episode of #PeakyBlinders? üò± https://t.co/tzCB83ceSS,Sun Dec 10 17:51:08 +0000 2017,-0.2263,0.0,0.137,0.863
22,BBC,"RT @bbcstories: ""I think people my age think that death is something to be scared of but I think it's like being free and at peace"" - Meet‚Ä¶",Sun Dec 10 17:50:55 +0000 2017,0.8765,0.329,0.116,0.555
23,BBC,üìª How to deal with mental health issues in the family. https://t.co/48BOLabkXK https://t.co/7Eh3EjYywg,Sun Dec 10 17:30:06 +0000 2017,0.0,0.0,0.0,1.0
24,BBC,This 12-year-old has created a cheap way to test lead levels in water using a mobile phone app. üö∞üì±Via @BBCClick. https://t.co/TWqttOHJX3,Sun Dec 10 17:00:01 +0000 2017,0.25,0.1,0.0,0.9
25,BBC,üìûüëΩ We've been listening for signs of life from other worlds for decades with little success. But what should we do‚Ä¶ https://t.co/e3IETfS8cs,Sun Dec 10 16:30:07 +0000 2017,0.5279,0.14,0.0,0.86
26,BBC,Thousands of internet users have come together to buy this stunning castle... although it does need a little TLC. üè∞‚Ä¶ https://t.co/qhkNd4HyM5,Sun Dec 10 16:00:06 +0000 2017,0.4588,0.136,0.0,0.864
27,BBC,"That was unexpected. üòÇ

Michael McIntyre's Big Show via @BBCOne. https://t.co/2QUZXppIbQ",Sun Dec 10 15:30:04 +0000 2017,0.0,0.0,0.0,1.0
28,BBC,#SkiSunday is back! ‚õ∑üéø Join the team in Val D'Isere for the men's slalom. 5:15pm on @BBCTwo. https://t.co/mPdHEuxHOX https://t.co/w3pqO1lCn6,Sun Dec 10 15:03:04 +0000 2017,0.3595,0.122,0.0,0.878
29,BBC,"üí∞ @DanTDM has been named the highest-earning YouTuber of 2017 - making ¬£12.3m this year, according to @Forbes magaz‚Ä¶ https://t.co/yVEcwct3Es",Sun Dec 10 14:30:07 +0000 2017,0.0,0.0,0.0,1.0
30,BBC,"Rebel Wilson reenacts her Pitch Perfect audition and it‚Äôs slap-tastic.

The Graham Norton Show | @BBCOne https://t.co/TYszXcf9ZH",Sun Dec 10 14:00:06 +0000 2017,0.4767,0.192,0.083,0.725
31,BBC,The BBC has made the 1930s issues of the complete Radio Times magazines available online for the first time. üìª Chec‚Ä¶ https://t.co/aeK8TTggDW,Sun Dec 10 13:30:05 +0000 2017,0.0,0.0,0.0,1.0
32,BBC,"From Dark, to the return of The Crown &amp; a #DoctorWho Christmas special, here are the TV shows worth watching in Dec‚Ä¶ https://t.co/4qq2MlpONj",Sun Dec 10 13:00:07 +0000 2017,0.5574,0.187,0.0,0.813
33,BBC,"RT @bbcthree: In 2011 BBC Three made a documentary about a boy who defied his bullies. 

Now #EverybodysTalkingAboutJamie again. https://t.‚Ä¶",Sun Dec 10 12:43:52 +0000 2017,0.0,0.0,0.0,1.0
34,BBC,"'There's ignorance about employment law &amp; people don't want to hear complaints.'
Classical music has a sexual haras‚Ä¶ https://t.co/PpdlbV0Gck",Sun Dec 10 12:30:03 +0000 2017,-0.4063,0.0,0.189,0.811
35,BBC,"'Their birthdays are never easy.' 
Hannah is one of thousands of mums living with PTSD from experiencing traumatic‚Ä¶ https://t.co/lPMW5VXHfa",Sun Dec 10 12:00:03 +0000 2017,0.0,0.0,0.0,1.0
36,BBC,"How do you make puppets fall in love? ‚ù§Ô∏èÔ∏èüéé
Puppeteers reveal their techniques. https://t.co/GPNqLrFZit https://t.co/HfB09Yw8ek",Sun Dec 10 11:30:06 +0000 2017,0.6369,0.231,0.0,0.769
37,BBC,"RT @CBeebiesHQ: He's the disco dancing, geography guide with the moves! üòé

@BBCStrictly doesn't know what's hit it! üòÜ

#GoJettersüï∫

#Strict‚Ä¶",Sun Dec 10 11:15:39 +0000 2017,0.0,0.0,0.0,1.0
38,BBC,"RT @BBCBreakfast: A clairvoyant cat? üêà Or a turtle in the know?üê¢
Animals in Russia are predicting the outcome of @FIFAWorldCup 2018 https:/‚Ä¶",Sun Dec 10 11:05:15 +0000 2017,0.0,0.0,0.0,1.0
39,BBC,RT @BBCOne: David Attenborough uncovers the story of Jumbo ‚Äì a celebrity animal superstar who is said to have inspired the movie Dumbo. Ton‚Ä¶,Sun Dec 10 11:04:13 +0000 2017,0.4939,0.132,0.0,0.868
40,BBC,Watch @ScottishBallet's incredible interpretations of Stravinsky. https://t.co/NGZuhnKutW https://t.co/vUOkoaJ7mc,Sun Dec 10 11:00:06 +0000 2017,0.0,0.0,0.0,1.0
41,BBC,‚úä @Time magazine has named 'the Silence Breakers' - women who spoke out against sexual abuse &amp; harassment - as its‚Ä¶ https://t.co/roSq8US4Ev,Sun Dec 10 10:30:05 +0000 2017,-0.8271,0.0,0.312,0.688
42,BBC,RT @BBCWthrWatchers: Some great pics of #UKsnow sent in by the early risers! https://t.co/b9Of6bvvIz,Sun Dec 10 10:23:23 +0000 2017,0.6588,0.253,0.0,0.747
43,BBC,"RT @BBCR1: üéÑ BIG FESTIVE NEWS üéÑ

We've invited some of your favourite stars to take over Radio 1 on Christmas Day!

Get ready for Superstar‚Ä¶",Sun Dec 10 10:21:03 +0000 2017,0.7597,0.237,0.0,0.763
44,BBC,"RT @BBCEarth: These orca just want a meal, but they could be risking their lives. üíô#BluePlanet2 https://t.co/JeLlETfohs",Sun Dec 10 10:19:47 +0000 2017,-0.4215,0.064,0.163,0.773
45,BBC,"'Whilst I appreciate the lovely people slowing down, if you see somebody with a guide dog, just drive on. Ziggy's g‚Ä¶ https://t.co/CeH3p8geLq",Sun Dec 10 10:00:03 +0000 2017,0.7579,0.265,0.0,0.735
46,BBC,"‚ÄòWhy won‚Äôt he let me leave?!'
The #BluePlanet2 team had a rather unexpected visitor while filming in the Galapagos.‚Ä¶ https://t.co/vvBS7WorXO",Sun Dec 10 09:30:03 +0000 2017,0.0,0.0,0.0,1.0
47,BBC,"The Greek concept of philoxenia, which translates as ‚Äòlove of strangers‚Äô, is a warmth that makes foreigners feel im‚Ä¶ https://t.co/O3BzC7lUp3",Sun Dec 10 09:00:08 +0000 2017,0.4588,0.143,0.0,0.857
48,BBC,"A study of nearly 12,000 children in the UK found 25% were overweight or obese at age seven, rising to 35% at 11.‚Ä¶ https://t.co/41qA60xnUd",Sun Dec 10 08:00:06 +0000 2017,-0.3612,0.0,0.102,0.898
49,BBC,"GET EXCITED!! üé§‚ù§Ô∏èÔ∏èüé∂
@Camila_Cabello has set the release date of her debut album Camila for 12 January.‚Ä¶ https://t.co/gRtJVD7FEh",Sat Dec 09 20:30:12 +0000 2017,0.5743,0.179,0.0,0.821
50,BBC,"Have we got five eight-year-olds robbing houses? No! We've got two bams with triplets. üòÇ
#ScotSquad via‚Ä¶ https://t.co/HUsw0CjaoY",Sat Dec 09 20:00:03 +0000 2017,-0.3595,0.0,0.135,0.865
51,BBC,"The history of condoms stretches back around 3,000 years ‚Äì but they still offer the best protection against STIs.‚Ä¶ https://t.co/shw3Jn5og1",Sat Dec 09 19:30:08 +0000 2017,0.7783,0.244,0.0,0.756
52,BBC,"Sexually frivolous and morally ambiguous. 
Meet pro wrestling‚Äôs pansexual phenomenon...üè≥Ô∏è‚Äçüåàü§º‚Äç‚ôÄÔ∏è
Via @BBC5Live. https://t.co/2Asruxhnv8",Sat Dec 09 19:00:02 +0000 2017,0.0,0.0,0.0,1.0
53,BBC,"RT @BBCWthrWatchers: Ok, so #snow can be a pain ...but wow üòç 
We're all feeling just a little more festive after your great efforts today!‚Ä¶",Sat Dec 09 18:39:17 +0000 2017,0.8911,0.436,0.096,0.468
54,BBC,"RT @bbcthree: YOU'VE BEEN LIVING A LIE.
https://t.co/YUCx48Mv0o",Sat Dec 09 18:39:10 +0000 2017,0.0,0.0,0.0,1.0
55,BBC,"RT @bbcstories: Do our young men lack positive role models? Davis thought so, so he founded The Manhood Academy. #EverydayHeroes https://t.‚Ä¶",Sat Dec 09 18:35:51 +0000 2017,0.3182,0.145,0.092,0.763
56,BBC,"RT @BBCEarth: In Cape Verde, @ProjetoBioSal is on a mission to save baby turtles from human impact. üê¢
#OurBluePlanet w/ @AluciaProd https:/‚Ä¶",Sat Dec 09 18:33:32 +0000 2017,0.4939,0.144,0.0,0.856
57,BBC,"RT @BBCSpringwatch: Brrr, a chilly one tonight!
Luckily we've some gorgeous grey seals in our advent calendar to warm to cockles of your he‚Ä¶",Sat Dec 09 18:33:25 +0000 2017,0.8655,0.36,0.0,0.64
58,BBC,"RT @bbcmusic: ‚ú®@RagNBoneManUK brought all the feels to #SLFN with his stunning performance of 'As You Are' 
Watch in full üëâhttps://t.co/JmZ‚Ä¶",Sat Dec 09 18:33:22 +0000 2017,0.3818,0.115,0.0,0.885
59,BBC,30 years of Fairytale of New York: 10 true tales behind the @PoguesOfficial's Christmas favourite. üéÅüéÑ‚Ä¶ https://t.co/LClO0krtv0,Sat Dec 09 18:30:39 +0000 2017,0.4215,0.149,0.0,0.851
60,BBC,"Ever wondered what London looked like 2000 years ago? üá¨üáß
#DiggingForBritain, now on @BBCiPlayer üëâ‚Ä¶ https://t.co/fd74UnWzF4",Sat Dec 09 18:00:04 +0000 2017,0.3612,0.143,0.0,0.857
61,BBC,"Tonight, @McInTweet is joined by @JasonManford and @TheVampsband. üåüüé∂üòÇ Michael McIntyre's Big Show. 8:20pm on‚Ä¶ https://t.co/NW4Y5gYger",Sat Dec 09 17:34:07 +0000 2017,0.0,0.0,0.0,1.0
62,BBC,"'I know it's not real because I'm surrounded by people eating crisps.' üòÇüé≠
#LiveAtTheApollo via @BBCTwo. https://t.co/1zwUd8oCvi",Sat Dec 09 17:00:06 +0000 2017,0.0,0.0,0.0,1.0
63,BBC,"Alice is a 26-year-old mum. She's married, she has schizophrenia &amp; she is fed up of being portrayed as 'dangerous'‚Ä¶ https://t.co/hy2APiuz5L",Sat Dec 09 16:30:06 +0000 2017,0.0,0.0,0.0,1.0
64,BBC,Astronomers have discovered the most distant 'supermassive' black hole known to science. ‚òÑüî≠ https://t.co/OYWmKfE4t4 https://t.co/10PPSeYkT2,Sat Dec 09 16:00:06 +0000 2017,0.0,0.0,0.0,1.0
65,BBC,Claire Foy talks about what will be her last outing as Britain‚Äôs longest serving monarch - and hints at choppy wate‚Ä¶ https://t.co/z6WuYfwM3d,Sat Dec 09 15:30:07 +0000 2017,0.0,0.0,0.0,1.0
66,BBC,"I'm celebrating natural beauty - 'Instagram isn't real life.' @IAmSonnyTurner
These five body positive champions ar‚Ä¶ https://t.co/uUr8AHsfgq",Sat Dec 09 15:00:08 +0000 2017,0.9517,0.607,0.0,0.393
67,BBC,"Could you live with your partner alone in a remote lighthouse for 6 months?
Via @BBCWorldService. https://t.co/7gNRygiGKr",Sat Dec 09 14:30:02 +0000 2017,-0.25,0.0,0.125,0.875
68,BBC,"üéµ Jack Black‚Äôs Jumanji theme tune is the best. üòÇ
Via @BBCOne. https://t.co/bqpYxQ8cot",Sat Dec 09 14:10:03 +0000 2017,0.6369,0.296,0.0,0.704
69,BBC,Dyslexie is a font that aims to overcome some of the problems that people with dyslexia can have when reading.‚Ä¶ https://t.co/d3GZEMdZgc,Sat Dec 09 13:35:04 +0000 2017,-0.4019,0.0,0.124,0.876
70,BBC,"üî¨üå° Heard of Terrific Scientific, the BBC‚Äôs science campaign for primary pupils? 

If you know a brilliant teacher,‚Ä¶ https://t.co/DtpAloo5Fe",Sat Dec 09 13:00:06 +0000 2017,0.7845,0.301,0.0,0.699
71,BBC,Many coastal communities are already battling the effects of sea level rise - and it's made worse by the fact that‚Ä¶ https://t.co/WRpTIDB2e9,Sat Dec 09 12:31:04 +0000 2017,-0.6369,0.0,0.215,0.785
72,BBC,"Danielle is breaking deaf world records left right &amp; centre. üèä‚ù§Ô∏èÔ∏è
Via @BBCTheSocial. https://t.co/XRlJU7UdU7",Sat Dec 09 12:00:02 +0000 2017,0.0,0.0,0.0,1.0
73,BBC,Do you feel pressure when giving Christmas gifts? @DrRadhaModgil discusses the psychology of giving &amp; receiving gif‚Ä¶ https://t.co/DtkRGlOvdW,Sat Dec 09 11:30:05 +0000 2017,0.3818,0.218,0.1,0.682
74,BBC,RT @bbcthree: Lynsey is saving condemned dogs and finding them forever homes. https://t.co/aF7j3gaZil,Sat Dec 09 10:59:05 +0000 2017,-0.4404,0.0,0.195,0.805
75,BBC,"RT @bbcmusic: Nearly seven months later, we look back on the #OneLoveManchester concert staged by @ArianaGrande after the devastating attac‚Ä¶",Sat Dec 09 10:46:31 +0000 2017,-0.6486,0.0,0.185,0.815
76,BBC,"RT @BBCr4today: If you do one thing today...

Listen to Gaelynn Lea play the violin #r4today https://t.co/nXixd8e8rO",Sat Dec 09 10:44:54 +0000 2017,0.34,0.13,0.0,0.87
77,BBC,"üëÇüèªüìñ @SJ_Watson was an audiology specialist before penning the international bestseller Before I Go To Sleep. 
5 peo‚Ä¶ https://t.co/RqDVSZ8Ntl",Sat Dec 09 10:30:05 +0000 2017,0.0,0.0,0.0,1.0
78,BBC,"Mason has used his pocket money to fund random acts of kindness this year in memory of his brother, Ross. ‚ù§Ô∏èÔ∏è Via‚Ä¶ https://t.co/asKJ9me2MY",Sat Dec 09 10:00:03 +0000 2017,0.4588,0.12,0.0,0.88
79,BBC,"Who even needs a calculator anyway? 
Via BBC Minute https://t.co/5LIDp3hZXh",Sat Dec 09 09:30:03 +0000 2017,0.0,0.0,0.0,1.0
80,BBC,"üìö From essays about Cuba‚Äôs transformation to a history of US nuclear policy, here are 10 books to read in December.‚Ä¶ https://t.co/XvF7FFPWF8",Sat Dec 09 09:00:09 +0000 2017,0.0,0.0,0.0,1.0
81,BBC,"There's around 500k pieces of space junk orbiting Earth, posing a huge threat to astronauts. The RemoveDebris space‚Ä¶ https://t.co/MLFaaVAxta",Sat Dec 09 08:00:03 +0000 2017,-0.2732,0.106,0.157,0.737
82,BBC,"As @Lord_Sugar's search for his next business partner continues, take an in-depth look at the remaining candidates.‚Ä¶ https://t.co/jkK7AHquzr",Fri Dec 08 19:30:05 +0000 2017,0.0,0.0,0.0,1.0
83,BBC,"'For me, drag is a device to entertain people and make them laugh.' üíãüíÖ
Via @BBCTheSocial. https://t.co/urnzq6NJJA",Fri Dec 08 19:00:06 +0000 2017,0.1027,0.126,0.104,0.769
84,BBC,"You might think the hipster beard is a new trend, but the mid-19th century was a true golden age for massive facial‚Ä¶ https://t.co/dsJojiqMgH",Fri Dec 08 18:30:15 +0000 2017,0.5719,0.156,0.0,0.844
85,BBC,"RT @bbcmusic: WHAT A LINE UP üòç
Tonight's #SLFN guest host: the incredible @DuaLipa üåπ
Performances from @KasabianHQ, @RagNBoneManUK, @RAYE a‚Ä¶",Fri Dec 08 18:29:57 +0000 2017,0.0,0.0,0.0,1.0
86,BBC,"RT @bbc5live: 10-year-old William thought he'd lost his camera when it was swept out to sea üì∑ üåä

But he's been reunited with it after it wa‚Ä¶",Fri Dec 08 18:28:12 +0000 2017,-0.3182,0.0,0.087,0.913
87,BBC,"RT @BBCSpringwatch: We've some gorgeous gannets in today's advent calendar. üéÑüéÖüèΩ
They're busy building nests - I wonder if they can make wre‚Ä¶",Fri Dec 08 18:27:20 +0000 2017,0.6124,0.167,0.0,0.833
88,BBC,RT @BBCOne: ‚ú® @Chris_Stark reveals the magic behind *that* BBC One Christmas tearjerker. https://t.co/FbLj5SrI6y,Fri Dec 08 18:26:46 +0000 2017,0.0,0.0,0.0,1.0
89,BBC,üóì üé∂ @ClaudiaWinkle and @Claraamfo look back at this year's best music. The Year in Music 2017. 9pm on @BBCTwo.‚Ä¶ https://t.co/fqm4A0Wv3C,Fri Dec 08 18:03:03 +0000 2017,0.6369,0.189,0.0,0.811
90,BBC,"üé¨ From the new Star Wars to the story of the worst movie ever made, here are 9 movies to watch in December. üëâ‚Ä¶ https://t.co/Zihk2ad0dz",Fri Dec 08 17:30:07 +0000 2017,-0.8271,0.0,0.268,0.732
91,BBC,"Sharks, bear markets, narwhals &amp; yak shaving - do you know the 
business beast ABC?
Full guide here üëâ‚Ä¶ https://t.co/kgxpnSZf4A",Fri Dec 08 17:00:05 +0000 2017,0.0,0.0,0.0,1.0
92,BBC,"Remember how we actually did alright at Eurovision this year? üé§üé∂

10 surprising music moments from 2017 you've alre‚Ä¶ https://t.co/hS72dmiWNE",Fri Dec 08 16:30:06 +0000 2017,0.4767,0.186,0.0,0.814
93,BBC,üë¶ü§îüëß Are you smarter than an 11-year-old? Take this quiz &amp; find out... https://t.co/JNbY5UN9QB https://t.co/nZWffIrmGv,Fri Dec 08 14:00:08 +0000 2017,0.4588,0.176,0.0,0.824
94,BBC,"RT @bbcmusic: üíñ@Harry_Styles is nominated for BBC Music Artist Of The Year, and we STILL have goosebumps from his beautiful 'Girl Crush' pe‚Ä¶",Fri Dec 08 13:39:18 +0000 2017,0.5106,0.147,0.06,0.792
95,BBC,"'If you don't get the angle right, it's not going to work.'
Can you #DoTheHuw? üòÇ https://t.co/hYxrN6C790",Fri Dec 08 13:30:04 +0000 2017,0.0,0.0,0.0,1.0
96,BBC,Stewards working at Prince Harry &amp; Meghan Markle's Royal Wedding have been told to watch Suits before the big day.‚Ä¶ https://t.co/ErN62dBvF6,Fri Dec 08 13:00:06 +0000 2017,0.0,0.0,0.0,1.0
97,BBC,"The perfect warm drink for cold December evenings. ‚òïÔ∏èüòã 
Via @BBCFood. https://t.co/clDVQqgSOj",Fri Dec 08 12:30:03 +0000 2017,0.6808,0.359,0.0,0.641
98,BBC,"RT @bbcworldservice: ""Falls reduced by 60%."" Why some care home residents are 'pimping' their walking frames. Follow the link for more from‚Ä¶",Fri Dec 08 12:19:35 +0000 2017,0.4939,0.132,0.0,0.868
99,BBC,Professional clowns must choose a unique facial makeup design ‚Äì and they have an unusual way of ‚Äòprotecting‚Äô it fro‚Ä¶ https://t.co/zmkytd7z8v,Fri Dec 08 12:00:07 +0000 2017,0.0,0.0,0.0,1.0
100,CBS,"Due to NFL overrun, CBS is delayed 8 mins in the following ET &amp; CT markets: Hunstville, AL, Bowling Green, KY, MS,‚Ä¶ https://t.co/gbwhgooEQd",Mon Dec 11 00:26:50 +0000 2017,-0.2263,0.0,0.083,0.917
101,CBS,"Due to NFL overrun CBS is delayed 7 mins in the following ET &amp; CT markets Tampa, Chicago, Maryland, Michigan, Wash‚Ä¶ https://t.co/driVgCiX7D",Mon Dec 11 00:25:54 +0000 2017,-0.2263,0.0,0.087,0.913
102,CBS,"RT @NoActivityCBS: If you want the intel, you get the tickles. üòÇ Stream the first 5 episodes of #NoActivity now: https://t.co/Wzq9bVOhGN ht‚Ä¶",Sun Dec 10 22:49:02 +0000 2017,0.0772,0.064,0.0,0.936
103,CBS,RT @startrekcbs: .@albinokid and @wcruz73 are breaking new ground in #StarTrekDiscovery. üè≥Ô∏è‚Äçüåà Stream chapter 1 on CBS All Access: https://t‚Ä¶,Sun Dec 10 22:48:46 +0000 2017,0.0,0.0,0.0,1.0
104,CBS,Don‚Äôt miss America‚Äôs Game! Stream the Army-Navy game LIVE today at 3PM ET with a FREE trial of #CBSAllAccess:‚Ä¶ https://t.co/38udnQj2vs,Sat Dec 09 18:24:37 +0000 2017,0.5754,0.189,0.07,0.742
105,CBS,"There's still time before we have to say so long! Catch up with Carol Burnett, her original castmates and special g‚Ä¶ https://t.co/WTiK8dzaXO",Sat Dec 09 01:11:51 +0000 2017,0.6476,0.209,0.0,0.791
106,CBS,RT @bigbangtheory: It's the biggest best friend breakup of the year... üò± Stream the latest full episode of #BigBangTheory: https://t.co/iIw‚Ä¶,Fri Dec 08 23:35:41 +0000 2017,0.8126,0.303,0.0,0.697
107,CBS,"RT @AmazingRaceCBS: Presenting... the 30th cast of the #AmazingRace! Made up of champions and winners, this is quite literally the most com‚Ä¶",Thu Dec 07 18:23:03 +0000 2017,0.7777,0.254,0.0,0.746
108,CBS,Do you know all the nominees for Song Of The Year? Get familiar with this year's GRAMMY¬Æ Award nominees ahead of Mu‚Ä¶ https://t.co/I6hhOtfQjb,Thu Dec 07 12:07:06 +0000 2017,0.5423,0.137,0.0,0.863
109,CBS,"A new Twilight Zone original series is coming exclusively to CBS All Access in association with @JordanPeele,‚Ä¶ https://t.co/fVYnhUASee",Wed Dec 06 17:32:28 +0000 2017,0.3182,0.126,0.0,0.874
110,CBS,RT @SuperiorDonuts: You'll want to check this box! ‚òëÔ∏é Stream the latest episode of #SuperiorDonuts: https://t.co/h1xhKLCAPl https://t.co/d8‚Ä¶,Tue Dec 05 19:21:31 +0000 2017,0.1511,0.09,0.0,0.91
111,CBS,RT @YoungSheldon: Wondering what it's like behind the scenes of #YoungSheldon? Let star @OfficialRaeganR take you on a tour of the set! htt‚Ä¶,Tue Dec 05 19:14:00 +0000 2017,0.4199,0.117,0.0,0.883
112,CBS,The Kennedy Center Honors recognizes the lifetime contributions of all types of performance artists. Watch the 40th‚Ä¶ https://t.co/azF3rW2ptw,Tue Dec 05 00:54:16 +0000 2017,0.5106,0.163,0.0,0.837
113,CBS,RT @YoungSheldon: There's something @elonmusk never told you about @spacex's Falcon 9. üìì  #YoungSheldon https://t.co/bu3W0IC8zN,Tue Dec 05 00:03:06 +0000 2017,0.0,0.0,0.0,1.0
114,CBS,"Just like old times, Carol Burnett bumps up the lights and answers questions from the audience. Catch up on The Car‚Ä¶ https://t.co/9r7WI8d1tZ",Mon Dec 04 20:52:31 +0000 2017,0.3612,0.106,0.0,0.894
115,CBS,Star comedian @JimCarrey gets emotional when he expresses his heartfelt thanks to Carol Burnett for her positive in‚Ä¶ https://t.co/5QCejBcg5T,Mon Dec 04 19:22:07 +0000 2017,0.9217,0.504,0.0,0.496
116,CBS,Take a trip down memory lane with Carol Burnett for a special tribute you'll never forget. Catch up on The Carol Bu‚Ä¶ https://t.co/XBINDav614,Mon Dec 04 07:14:06 +0000 2017,0.5213,0.187,0.0,0.813
117,CBS,"RT @JLawlorNY: So, ok...maybe I'm crying at at the #CarolBurnett50 finale with everyone singing her theme song! #ImSoGladWeHadThisTimeToget‚Ä¶",Mon Dec 04 03:02:00 +0000 2017,-0.5655,0.0,0.177,0.823
118,CBS,RT @junerenee: A true classic and favorite!! Love #CarolBurnett50 laughed and cried...just like before!,Mon Dec 04 03:01:09 +0000 2017,0.9466,0.672,0.0,0.328
119,CBS,RT if you‚Äôve loved reliving these classic moments during #CarolBurnett50 https://t.co/I1tIWeSlsQ,Mon Dec 04 02:51:35 +0000 2017,0.5994,0.281,0.0,0.719
120,CBS,RT @Mom101: I can't tell you the joy of seeing my 10yo laughing at this. Especially the Tim Conway dentist sketch.  #CarolBurnett50,Mon Dec 04 02:49:27 +0000 2017,0.7906,0.269,0.0,0.731
121,CBS,"RT @AdeleAndMike: Thank You for bringing back such wonderful memories, the entire family would gather to watch, and we would then laugh abo‚Ä¶",Mon Dec 04 02:47:39 +0000 2017,0.8689,0.329,0.0,0.671
122,CBS,RT @tessab13: The Siamese Elephants skit on the Carol Burnett show is such a classic and possibly my favorite. Loved Tim Conway! #CarolBurn‚Ä¶,Mon Dec 04 02:43:14 +0000 2017,0.8016,0.264,0.0,0.736
123,CBS,RT @inezpanebianco: @OfficialBPeters and Carol Burnett reminiscing back on the carol burnett show is my idea of a perfect night ‚ù§Ô∏è #CarolBu‚Ä¶,Mon Dec 04 02:26:30 +0000 2017,0.5719,0.156,0.0,0.844
124,CBS,"What a performance by @OfficialBPeters, @KChenoweth, Carol Burnett, Steve Lawrence, and @StephenAtHome!‚Ä¶ https://t.co/DqewQ6ASQp",Mon Dec 04 02:22:42 +0000 2017,0.0,0.0,0.0,1.0
125,CBS,RT @jonjeffryes: Bob Mackie created 65 costumes a week for The Carol Burnett Show #CarolBurnett50,Mon Dec 04 02:12:59 +0000 2017,0.25,0.133,0.0,0.867
126,CBS,RT @bmayberry92: Steve Carell with that video submission though! üòÇ #carolburnett50,Mon Dec 04 01:56:26 +0000 2017,0.0,0.0,0.0,1.0
127,CBS,She‚Äôs still got it! #CarolBurnett50 https://t.co/zTxZc5zrqP,Mon Dec 04 01:55:44 +0000 2017,0.0,0.0,0.0,1.0
128,CBS,RT @BobMackie: Our friend Tim Conway never failed to make us laugh #CarolBurnett50,Mon Dec 04 01:43:24 +0000 2017,0.8591,0.487,0.0,0.513
129,CBS,RT @bpeters99: #CarolBurnett50  Am I the Only one with tears in my eyes while I give a standing ovation from my couch? One of the most bril‚Ä¶,Mon Dec 04 01:33:37 +0000 2017,-0.2263,0.0,0.076,0.924
130,CBS,RT @SuperJen1117: This show is awesome...Some of the funniest women together on one stage üôåüèº‚ù§Ô∏è #CarolBurnett50,Mon Dec 04 01:24:51 +0000 2017,0.5574,0.194,0.0,0.806
131,CBS,These two are just like sisters ‚ù§Ô∏è #CarolBurnett50 https://t.co/EPpyf2kOuV,Mon Dec 04 01:13:30 +0000 2017,0.3612,0.238,0.0,0.762
132,CBS,RT @chattie: Watching #carolburnett50  can‚Äôt quit smiling. Brings me memories of watching on Saturday nights with my mom and grandma.,Mon Dec 04 01:11:57 +0000 2017,0.4588,0.136,0.0,0.864
133,CBS,RT @DanRocks98: Settling in for the #CarolBurnett50 special. This lady is comedy gold! A true staple of my childhood.,Mon Dec 04 01:05:31 +0000 2017,0.807,0.356,0.0,0.644
134,CBS,She‚Äôs back! Tune in now to see The Carol Burnett 50th Anniversary Special on CBS and CBS All Access. #CarolBurnett50 https://t.co/HhvRmT5AR0,Mon Dec 04 01:00:09 +0000 2017,0.4574,0.13,0.0,0.87
135,CBS,"Due to #NFL football overrun #CBS is delayed 11 min in: 
Atlanta 
Baltimore 
Columbus
Cleveland 
Toledo
Detroit
Fli‚Ä¶ https://t.co/oCkn11yJOR",Mon Dec 04 00:25:16 +0000 2017,-0.2263,0.0,0.095,0.905
136,CBS,Relive the laughter and the magic in this star-studded tribute to everyone's favorite classic comedy show. Don't mi‚Ä¶ https://t.co/WV6jxBnRAt,Sun Dec 03 20:00:02 +0000 2017,0.8271,0.352,0.0,0.648
137,CBS,"Tonight, spend an evening together with Carol Burnett and celebrity friends as they celebrate The Carol Burnett 50t‚Ä¶ https://t.co/uH2uM9cJFS",Sun Dec 03 18:44:14 +0000 2017,0.7783,0.286,0.0,0.714
138,CBS,Carol Burnett credits the close-knit cast for the success of her show. Join her and original cast members Vicki Law‚Ä¶ https://t.co/1rlNPUS5EJ,Sun Dec 03 17:32:01 +0000 2017,0.8658,0.386,0.0,0.614
139,CBS,Carol Burnett and friends reflect on how the show became an instant classic that's still celebrated today! Join the‚Ä¶ https://t.co/lZgVz9XSyM,Sun Dec 03 13:00:04 +0000 2017,0.8516,0.353,0.0,0.647
140,CBS,"Tonight, celebrate with Carol Burnett, Vicki Lawrence, Lyle Waggoner &amp; more special guests! Find out how to watch T‚Ä¶ https://t.co/Rhm6RJ34u2",Sun Dec 03 12:00:01 +0000 2017,0.7897,0.28,0.0,0.72
141,CBS,Stream Indiana at Michigan LIVE today at 12:30PM ET with a 1-month FREE trial of #CBSAllAccess. Just use promo code‚Ä¶ https://t.co/xRem3zSyEQ,Sat Dec 02 15:55:39 +0000 2017,0.6166,0.175,0.0,0.825
142,CBS,Kristin Chenoweth (@KChenoweth) explains why audiences still crave Carol Burnett! Don't miss The Carol Burnett 50th‚Ä¶ https://t.co/kM92NTtTfs,Sat Dec 02 14:30:03 +0000 2017,0.1867,0.098,0.0,0.902
143,CBS,"Catch up on this amazing lineup of music specials! Here's how to watch Bruno Mars: 24K Magic Live at the Apollo, Th‚Ä¶ https://t.co/Jit2CzZJCY",Sat Dec 02 13:00:07 +0000 2017,0.6996,0.179,0.0,0.821
144,CBS,Missed Bruno Mars: 24K Magic Live at the Apollo? Keep up! Watch the full show: https://t.co/itXpGB5gRm #BrunoMars https://t.co/8yyQlC1LML,Sat Dec 02 12:00:03 +0000 2017,-0.3595,0.0,0.128,0.872
145,CBS,Reminisce with these classic photos and get ready to relive the magic when The Carol Burnett 50th Anniversary Speci‚Ä¶ https://t.co/yJQEzCjoSA,Fri Dec 01 22:43:05 +0000 2017,0.3612,0.116,0.0,0.884
146,CBS,"RT @LivinBiblically: In the beginning, there was Chip. And lo! Chip had a revelation. #LivingBiblically is a new comedy premiering Monday,‚Ä¶",Fri Dec 01 22:15:28 +0000 2017,0.4199,0.134,0.0,0.866
147,CBS,"Discover these pro football stars' off-the-field talents in MVP: Most Valuable Performer, airing Jan 25 on CBS! Fin‚Ä¶ https://t.co/g8jSRW8mQf",Fri Dec 01 21:00:12 +0000 2017,0.7707,0.282,0.0,0.718
148,CBS,"Find out when #BigBrother celebrity edition, #AmazingRace, #Survivor, new drama @instinctcbs and new comedy‚Ä¶ https://t.co/4Psl74zcCB",Fri Dec 01 20:17:18 +0000 2017,0.0,0.0,0.0,1.0
149,CBS,Actress @BethBehrs explains why Carol Burnett is her hero! Celebrate her lasting influence with The Carol Burnett 5‚Ä¶ https://t.co/Lnt5P9jEu0,Fri Dec 01 19:32:18 +0000 2017,0.8221,0.309,0.0,0.691
150,CBS,"RT @instinctcbs: New drama #Instinct, starring @Alancumming, premieres Sunday, March 11 on @CBS! https://t.co/aaL0JXpqav",Fri Dec 01 18:40:34 +0000 2017,0.0,0.0,0.0,1.0
151,CBS,"RT @AmazingRaceCBS: On your marks... #AmazingRace returns Wednesday, January 3! https://t.co/XMSJSUymUZ",Fri Dec 01 18:16:37 +0000 2017,0.0,0.0,0.0,1.0
152,CBS,RT @CBSBigBrother: Mark. Your. Calendars. The celebrity edition of #BigBrother premieres February 7! https://t.co/nP3Do6jTwM,Fri Dec 01 18:10:11 +0000 2017,0.0,0.0,0.0,1.0
153,CBS,The Angels await you... catch up on the world's most celebrated fashion show now! Watch the full 2017‚Ä¶ https://t.co/xfYDbEzpfX,Fri Dec 01 14:00:04 +0000 2017,0.6893,0.251,0.0,0.749
154,CBS,"Comedy stars Amy Poehler, Bill Hader, @MayaRudolph &amp; @TraceeEllisRoss give the legendary Tarzan yell a try- but no‚Ä¶ https://t.co/lrrHE2f9Nv",Fri Dec 01 12:00:03 +0000 2017,0.1901,0.093,0.0,0.907
155,CBS,Action-adventure series 'Blood &amp; Treasure' has been picked up for broadcast in Summer 2019: https://t.co/gAjqbF5bYh https://t.co/3cTBH9AKFI,Fri Dec 01 01:31:30 +0000 2017,0.296,0.128,0.0,0.872
156,CBS,Carol Burnett visited @TheTalkCBS to discuss how she got her start in show business! Watch The Carol Burnett 50th A‚Ä¶ https://t.co/EyqmFWZHEC,Thu Nov 30 21:10:19 +0000 2017,0.0,0.0,0.0,1.0
157,CBS,"The world's most beloved fairy tales are reimagined as a dark &amp; twisted psychological thriller in ""Tell Me A Story,‚Ä¶ https://t.co/CytIswrRj1",Thu Nov 30 20:54:39 +0000 2017,0.6115,0.227,0.0,0.773
158,CBS,RT @RansomCBS: #Ransom star @luke_j_roberts on set in Budapest for Season 2! https://t.co/rgC5ylqSMp,Thu Nov 30 17:40:02 +0000 2017,0.0,0.0,0.0,1.0
159,CBS,Comic @JayLeno reflects on the major impression Carol Burnett left on him. Celebrate The Carol Burnett 50th Anniver‚Ä¶ https://t.co/PIakndHJt1,Thu Nov 30 17:30:05 +0000 2017,0.6808,0.248,0.0,0.752
160,CBS,"Watch #BrunoMars perform ""That's What I Like"" in Bruno Mars: 24K Magic Live at the Apollo: https://t.co/hAFcB9HpE3 https://t.co/I7ZWHdDYCP",Thu Nov 30 15:00:05 +0000 2017,0.3612,0.135,0.0,0.865
161,CBS,"Watch #BrunoMars perform ""24K Magic"" in Bruno Mars: 24K Magic Live at the Apollo: https://t.co/UgD4fC5cS6 https://t.co/iTGKJSbjwY",Thu Nov 30 12:00:03 +0000 2017,0.0,0.0,0.0,1.0
162,CBS,Missed Bruno Mars: 24K Magic Live at the Apollo Theater? Keep up! Watch the full show: https://t.co/itXpGB5gRm‚Ä¶ https://t.co/nkRMIUd2Df,Thu Nov 30 07:52:09 +0000 2017,-0.3595,0.0,0.128,0.872
163,CBS,RT @CWatkinsTV: That. Was. Amazing! #BrunoMars,Thu Nov 30 04:09:55 +0000 2017,0.6239,0.45,0.0,0.55
164,CBS,The stage is üî•üî• #BrunoMars https://t.co/nykrDH46Bs,Thu Nov 30 04:00:27 +0000 2017,0.0,0.0,0.0,1.0
165,CBS,RT @anitakearney65: I could watch this all night #Brunomars #BrunosTvSpecial so much fun to watch OMG,Thu Nov 30 03:59:09 +0000 2017,0.5542,0.204,0.0,0.796
166,CBS,Everybody put your hands up! #BrunoMars https://t.co/jU7NyttAqv,Thu Nov 30 03:55:37 +0000 2017,0.0,0.0,0.0,1.0
167,CBS,RT @Sara_nurse: My 2yr old niece heard @BrunoMars and is now up singing and dancing #BrunosTVSpecial #BrunoMars,Thu Nov 30 03:51:38 +0000 2017,0.0,0.0,0.0,1.0
168,CBS,"RT @AllieNY86: His voice is mesmerizing 
#BrunoMars",Thu Nov 30 03:44:54 +0000 2017,0.0,0.0,0.0,1.0
169,CBS,RT @BrunoMars: We love you MARY!!!! ‚ù§Ô∏è #BrunosTvSpecial,Thu Nov 30 03:37:13 +0000 2017,0.7482,0.434,0.0,0.566
170,CBS,RT @RDMichelleLNK: Loving a dose of #BrunoMars midweek. So amazing!,Thu Nov 30 03:35:13 +0000 2017,0.8513,0.542,0.0,0.458
171,CBS,We‚Äôre only halfway into the show. Get ready for more of your favorite #BrunoMars tunes! https://t.co/BJh0PeX864,Thu Nov 30 03:33:32 +0000 2017,0.7232,0.302,0.0,0.698
172,CBS,"When #BrunoMars tells you to pick up the phone, that‚Äôs exactly what you do. https://t.co/JZDS26h3lL",Thu Nov 30 03:23:03 +0000 2017,0.0,0.0,0.0,1.0
173,CBS,RT @MargoSlade: Best way to relax after a hard day of work watching #BrunoMars on #BrunosTVSpecial my heart is the happiest,Thu Nov 30 03:11:31 +0000 2017,0.8979,0.394,0.049,0.557
174,CBS,RT @Tiffany48184: Now that's how you open up a show!!!!! #BrunoMars,Thu Nov 30 03:09:54 +0000 2017,0.0,0.0,0.0,1.0
175,CBS,RT if you‚Äôre ready to party with #BrunoMars!! https://t.co/o4qQoKOzgH,Thu Nov 30 03:07:20 +0000 2017,0.6988,0.452,0.0,0.548
176,CBS,RT @BrunoMars: POP POP!!üí•üí• everyone tweet #BrunosTvSpecial! We on!!!! üçæ,Thu Nov 30 03:06:38 +0000 2017,0.0,0.0,0.0,1.0
177,CBS,RT @Queentassia14: Bruno Mars Live at the Apollo!!!! Yeah I have to wake up at like 4 am for work.... but it's worth it. #BrunoMars #Brunos‚Ä¶,Thu Nov 30 03:03:15 +0000 2017,0.7067,0.246,0.0,0.754
178,CBS,RT @asbstar30: BRUNO #BrunoMars,Thu Nov 30 03:02:34 +0000 2017,0.0,0.0,0.0,1.0
179,CBS,"Get on your feet, and prepare to dance. #BrunoMars is hitting the stage! https://t.co/yOyq8JlMZj",Thu Nov 30 02:59:59 +0000 2017,0.0,0.0,0.0,1.0
180,CBS,"Pop pop, it's showtime! Bruno Mars: 24K Magic Live at the Apollo starts at 10/9c on CBS, or try 1 month FREE of CBS‚Ä¶ https://t.co/cpCSYDKieM",Thu Nov 30 02:45:03 +0000 2017,0.6514,0.158,0.0,0.842
181,CBS,Calling all Bruno Mars' lovelies... don't miss Bruno Mars: 24K Magic Live at the Apollo tonight @ 10/9c on CBS &amp; CB‚Ä¶ https://t.co/nGOgukLMx9,Thu Nov 30 00:06:05 +0000 2017,0.1139,0.064,0.0,0.936
182,CBS,You'll treasure this special night with #BrunoMars! Find out how to watch Bruno Mars: 24K Magic Live at the Apollo‚Ä¶ https://t.co/qF2eRcJLSJ,Wed Nov 29 23:20:13 +0000 2017,0.6825,0.228,0.0,0.772
183,CBS,RT @BrunoMars: Ladies put your hoops on tonight! Fellas break out that good cologne! #BrunosTvSpecial is airing on @CBS! What y‚Äôall trynna‚Ä¶,Wed Nov 29 23:15:24 +0000 2017,0.5826,0.152,0.0,0.848
184,CBS,RT @YoungSheldon: Sheldon will do whatever it takes to get his hands on his own computer in tomorrow's all-new episode of #YoungSheldon! ht‚Ä¶,Wed Nov 29 23:14:57 +0000 2017,0.0,0.0,0.0,1.0
185,CBS,RT @survivorcbs: What drama will ensue on back-to-back episodes of #Survivor tonight? Watch a sneak peek now: https://t.co/LHcxyClSw1 https‚Ä¶,Wed Nov 29 23:13:40 +0000 2017,0.0,0.0,0.0,1.0
186,CBS,Discover every reason why #BrunoMars is 24K Magic! Watch Bruno Mars: 24K Magic Live at the Apollo tonight @ 10/9c o‚Ä¶ https://t.co/oaPjvl3rSW,Wed Nov 29 22:34:56 +0000 2017,0.0,0.0,0.0,1.0
187,CBS,Did you catch these tiny moments during the 2017 Victoria's Secret Fashion Show? Find out what you may have missed:‚Ä¶ https://t.co/IIyupot9uU,Wed Nov 29 21:07:33 +0000 2017,0.0,0.0,0.0,1.0
188,CBS,RT @funnyordie: Live! Watch Tim Meadows and Patrick Brammall of @NoActivityCBS play themselves in new 8-bit video game! https://t.co/nXCuHO‚Ä¶,Wed Nov 29 20:41:13 +0000 2017,0.4559,0.142,0.0,0.858
189,CBS,The 'Only Angel' @Harry_Styles saw last night were the ones on the runway! Watch him perform at the #VSFashionShow:‚Ä¶ https://t.co/na8GAiZwmS,Wed Nov 29 15:00:07 +0000 2017,0.0,0.0,0.0,1.0
190,CBS,This entire collection is drop-dead gorgeous. See all the most sizzling looks from the 2017 #VSFashionShow:‚Ä¶ https://t.co/zpTKXcm05r,Wed Nov 29 12:00:06 +0000 2017,0.6124,0.2,0.0,0.8
191,CBS,"Stars @Miguel, @Harry_Styles, @leslieodomjr &amp; more set the tone for a truly incredible show! Watch all the musical‚Ä¶ https://t.co/kmo4l3aGai",Wed Nov 29 09:09:48 +0000 2017,0.4926,0.158,0.0,0.842
192,CBS,Some of the best moments happen behind the scenes! Here's your backstage pass to the 2017 Victoria's Secret Fashion‚Ä¶ https://t.co/S8MpOnhC6b,Wed Nov 29 08:39:05 +0000 2017,0.6696,0.191,0.0,0.809
193,CBS,"From the sky-high heels to the jaw-dropping wings, these outfits are fashion goals! See all the best looks from the‚Ä¶ https://t.co/GnyZ8NnBYH",Wed Nov 29 08:22:35 +0000 2017,0.6696,0.183,0.0,0.817
194,CBS,Missed the world‚Äôs most celebrated fashion show? Catch up on your own time and watch the entire 2017 Victoria's Sec‚Ä¶ https://t.co/9OuYvHItzh,Wed Nov 29 07:56:05 +0000 2017,0.4201,0.158,0.087,0.754
195,CBS,"RT @VictoriasSecret: That‚Äôs a wrap on the 2017 #VSFashionShow!! BIG thanks to the Angels, the people of Shanghai &amp; YOU for watching! https:‚Ä¶",Wed Nov 29 06:41:12 +0000 2017,0.5826,0.152,0.0,0.848
196,CBS,Want to relive all of your favorite #VSFashionShow runway moments?  @GIPHY has you covered. https://t.co/mgfziAQR4c,Wed Nov 29 04:13:05 +0000 2017,0.5106,0.249,0.0,0.751
197,CBS,"RT @vannalovescats: Another successful show. I‚Äôm so proud of all of the beautiful ladies, they all did amazing. The musical guests were FAN‚Ä¶",Wed Nov 29 04:02:16 +0000 2017,0.9476,0.449,0.0,0.551
198,CBS,55 Models. 88 Looks. 1 FABULOUS Night. #VSFashionShow https://t.co/TmYqRjDRE5,Wed Nov 29 04:00:58 +0000 2017,0.6289,0.371,0.0,0.629
199,CBS,Two. Million. Dollar. Bra. üòÆ  #VSFashionShow https://t.co/4dp7RbMHlp,Wed Nov 29 03:57:07 +0000 2017,0.0,0.0,0.0,1.0
200,CNN,"""My life depends on it. I need you to make your vote match your principles, Senator."" A man who says he was recentl‚Ä¶ https://t.co/n8GXUtbyVV",Mon Dec 11 06:32:34 +0000 2017,0.0,0.0,0.0,1.0
201,CNN,Alabama's high-stakes Senate election perfectly encapsulates how the age of Donald Trump has turned political logic‚Ä¶ https://t.co/HjcVMLMHTM,Mon Dec 11 06:27:40 +0000 2017,0.6369,0.208,0.0,0.792
202,CNN,A Hong Kong resident shares his tips for street photography so your images will look like a pro snapped them‚Ä¶ https://t.co/vjhNCglprn,Mon Dec 11 06:14:18 +0000 2017,0.5719,0.217,0.0,0.783
203,CNN,"References to climate change and the EPA's use of renewable energy have been removed from several of its web pages,‚Ä¶ https://t.co/8JynJpKqbV",Mon Dec 11 06:00:18 +0000 2017,0.2732,0.095,0.0,0.905
204,CNN,"""Mutual destruction is only one impulsive tantrum away."" 2017 Nobel Peace Prize winners urge world leaders to prohi‚Ä¶ https://t.co/ZaVU378k5j",Mon Dec 11 05:54:56 +0000 2017,0.5267,0.326,0.214,0.461
205,CNN,"‚ÄúIt‚Äôs more than a cup of coffee, it‚Äôs a human rights movement‚Äù says Amy Wright, who founded @bittyandbeauscoffee em‚Ä¶ https://t.co/rJMDuYSjGJ",Mon Dec 11 05:31:55 +0000 2017,0.0,0.0,0.0,1.0
206,CNN,"Vice President Mike Pence and Palestinian Authority President Mahmoud Abbas won't meet, vice president's office con‚Ä¶ https://t.co/cLSgK4pnev",Mon Dec 11 05:20:05 +0000 2017,0.0772,0.075,0.0,0.925
207,CNN,The Chicago Board Options Exchange on Sunday began trading bitcoin futures -- a new step for the cryptocurrency‚Ä¶ https://t.co/qrPKIalhxb,Mon Dec 11 05:10:07 +0000 2017,0.0,0.0,0.0,1.0
208,CNN,"Obama is right ‚Äî US democracy is fragile, writes Ruth Ben-Ghiat https://t.co/aFOQNrYG2j (via @CNNOpinion) https://t.co/wcE6ev1BBu",Mon Dec 11 05:00:07 +0000 2017,0.0,0.0,0.0,1.0
209,CNN,"An incomplete tunnel running for more than a kilometer from Gaza into southern Israel has been destroyed, Israel's‚Ä¶ https://t.co/XtA96NRhkU",Mon Dec 11 04:52:04 +0000 2017,-0.4939,0.0,0.158,0.842
210,CNN,"UN chief says ""America First"" slogan is ""detrimental to American interests"" https://t.co/B4NV1ScY5J https://t.co/DdvViPizBf",Mon Dec 11 04:45:09 +0000 2017,0.25,0.143,0.0,0.857
211,CNN,"A man walking his dog on a British Columbia beach this week made a grisly discovery: A foot in a shoe, along with p‚Ä¶ https://t.co/RmmpqeUTdb",Mon Dec 11 04:39:44 +0000 2017,0.0,0.0,0.0,1.0
212,CNN,Samir Lakhani was a college student when he started his nonprofit @ecosoapbank taking discarded soap from hotels an‚Ä¶ https://t.co/mo8sw7CzCz,Mon Dec 11 04:31:50 +0000 2017,-0.34,0.0,0.124,0.876
213,CNN,"""We should all be willing to listen to"" women who speak up about inappropriate sexual behavior, including President‚Ä¶ https://t.co/TEjRTRnSis",Mon Dec 11 04:27:23 +0000 2017,0.0,0.0,0.0,1.0
214,CNN,"""The demolition crew was savage."" Beijing forces migrant workers from their homes as part of a drive to shut down w‚Ä¶ https://t.co/oiru5mbGer",Mon Dec 11 04:17:59 +0000 2017,0.0,0.0,0.0,1.0
215,CNN,Democratic lawmakers have asked the Treasury Department for documents on financial dealings with Russia‚Ä¶ https://t.co/pBmTUHxsAz,Mon Dec 11 04:00:21 +0000 2017,0.2023,0.114,0.0,0.886
216,CNN,McLaren's 'most extreme' road car costs $1 million https://t.co/a1Unk82nwx https://t.co/yvlL9LCdSq,Mon Dec 11 03:50:08 +0000 2017,0.0,0.0,0.0,1.0
217,CNN,Venezuelan President Nicolas Maduro has said that some of the main opposition parties will not be allowed to run in‚Ä¶ https://t.co/VmN9pU5gEC,Mon Dec 11 03:40:30 +0000 2017,0.4019,0.119,0.0,0.881
218,CNN,These are the most eye-catching photos from 2017 https://t.co/lXgXsyNfa6 https://t.co/Z6N0yRLk60,Mon Dec 11 03:30:12 +0000 2017,0.0,0.0,0.0,1.0
219,CNN,"Heavy snow fell in many parts of the UK on Sunday as Storm Caroline, the biggest storm so far this year, caused wid‚Ä¶ https://t.co/R9UCEICrxm",Mon Dec 11 03:25:06 +0000 2017,0.0,0.0,0.0,1.0
220,CNN,"Global arms sales increased for the first time in five years in 2016, a new report says https://t.co/thhQ2sqH3c https://t.co/mjSUBUVzic",Mon Dec 11 03:17:04 +0000 2017,0.2732,0.11,0.0,0.89
221,CNN,The revelation that a black hole grew in just five hundred million years challenges our models of how early galaxie‚Ä¶ https://t.co/A6dhPi6bDe,Mon Dec 11 03:05:48 +0000 2017,0.0772,0.064,0.0,0.936
222,CNN,Voting for CNN Hero of the Year CLOSES Tuesday 12/12 at 11:59pm PT -- VOTE NOW at https://t.co/ANMKKkTX4Z!‚Ä¶ https://t.co/dx1AFkowA7,Mon Dec 11 03:01:13 +0000 2017,0.5983,0.178,0.0,0.822
223,CNN,"Sunday was a tale of two campaigns for Alabama‚Äôs special Senate election, with Democratic candidate Doug Jones barn‚Ä¶ https://t.co/jL6LWnNYrp",Mon Dec 11 02:56:52 +0000 2017,0.4019,0.137,0.0,0.863
224,CNN,"""Time is of the essence,"" UN official says after visit to North Korea https://t.co/Ndbay5jZKB https://t.co/Ik94KKGF5X",Mon Dec 11 02:47:04 +0000 2017,0.0,0.0,0.0,1.0
225,CNN,"""Mutual destruction is only one impulsive tantrum away."" 2017 Nobel Peace Prize winners urge world leaders to prohi‚Ä¶ https://t.co/cdt0zVvUGy",Mon Dec 11 02:36:11 +0000 2017,0.5267,0.326,0.214,0.461
226,CNN,3-D printing braces up sea turtle with gap in its shell https://t.co/mhGanIyPvv https://t.co/sfqprWjpiv,Mon Dec 11 02:30:44 +0000 2017,0.0,0.0,0.0,1.0
227,CNN,"Turkish President Recep Tayyip Erdogan called Israel a ""terrorist"" and ""child-murderer state"" as he criticized US P‚Ä¶ https://t.co/BKnHlFnpqF",Mon Dec 11 02:17:37 +0000 2017,-0.3612,0.0,0.135,0.865
228,CNN,A Hong Kong resident shares his tips for street photography so your images will look like a pro snapped them‚Ä¶ https://t.co/5WoufYP4mX,Mon Dec 11 02:14:06 +0000 2017,0.5719,0.217,0.0,0.783
229,CNN,He was shot and killed by Chicago police in 2014. But that‚Äôs just the beginning of this story. #BeneathTheSkin‚Ä¶ https://t.co/5v9LwaIdhK,Mon Dec 11 02:00:23 +0000 2017,-0.6705,0.0,0.191,0.809
230,CNN,The Chicago Board Options Exchange on Sunday began trading bitcoin futures -- a new step for the cryptocurrency‚Ä¶ https://t.co/ioVnnfy3wf,Mon Dec 11 01:51:58 +0000 2017,0.0,0.0,0.0,1.0
231,CNN,"17 million infants around the world are breathing toxic air that can severely affect brain development, a new UNICE‚Ä¶ https://t.co/17hus7Dff3",Mon Dec 11 01:30:14 +0000 2017,-0.4588,0.0,0.143,0.857
232,CNN,"Global arms sales increased for the first time in five years in 2016, a new report says https://t.co/K6yTDlfed9 https://t.co/i4cYJ3hftu",Mon Dec 11 01:21:13 +0000 2017,0.2732,0.11,0.0,0.89
233,CNN,Israeli army destroys tunnel from Gaza https://t.co/emKGf8IPZW https://t.co/OHXDWt8Vtc,Mon Dec 11 00:45:05 +0000 2017,-0.5574,0.0,0.34,0.66
234,CNN,"During an appearance on a conspiracy-driven radio show in 2011, Alabama Senate candidate Roy Moore said getting rid‚Ä¶ https://t.co/B4cZRMxXO6",Mon Dec 11 00:30:08 +0000 2017,0.0,0.0,0.0,1.0
235,CNN,Sirius XM faces celebrity backlash after former White House Chief Strategist Steve Bannon rejoins radio show‚Ä¶ https://t.co/HLJZVwW78o,Mon Dec 11 00:15:05 +0000 2017,0.0,0.0,0.0,1.0
236,CNN,The rise of a ‚Äòfish mafia‚Äô in this small Mexican town is killing off an entire population of small porpoises.‚Ä¶ https://t.co/W0tTmNUogp,Mon Dec 11 00:00:41 +0000 2017,-0.6597,0.0,0.188,0.812
237,CNN,"‚ÄúWe're not looking for perfection, we're just looking for better than yesterday."" After rehab changed his life, Aar‚Ä¶ https://t.co/fVpZmBWzqm",Sun Dec 10 23:46:37 +0000 2017,-0.0253,0.127,0.131,0.742
238,CNN,President Trump spoke at the opening of the Mississippi Civil Rights Museum. Some civil rights and community leader‚Ä¶ https://t.co/sX8XMVX9k3,Sun Dec 10 23:30:43 +0000 2017,0.0,0.0,0.0,1.0
239,CNN,"Israel airstrikes, Gaza rockets amid tensions over Jerusalem https://t.co/8zRuyw7PO4 https://t.co/P47G7huOe0",Sun Dec 10 23:15:08 +0000 2017,-0.4019,0.0,0.231,0.769
240,CNN,FBI email shows Attorney General Jeff Sessions wasn't required to disclose foreign contacts for security clearance‚Ä¶ https://t.co/RWekrGKgQJ,Sun Dec 10 23:00:07 +0000 2017,0.34,0.13,0.0,0.87
241,CNN,McLaren's 'most extreme' road car costs $1 million https://t.co/5CwE92eNfD https://t.co/GrQmRbIrMg,Sun Dec 10 22:45:07 +0000 2017,0.0,0.0,0.0,1.0
242,CNN,"Vice President Mike Pence and Palestinian Authority President Mahmoud Abbas won't meet, vice president's office con‚Ä¶ https://t.co/Tx9YkRLoca",Sun Dec 10 22:30:10 +0000 2017,0.0772,0.075,0.0,0.925
243,CNN,"UN chief says ""America First"" slogan is ""detrimental to American interests"" https://t.co/Fdmv3o9TUT https://t.co/T3Z51xTtC2",Sun Dec 10 22:15:09 +0000 2017,0.25,0.143,0.0,0.857
244,CNN,"Even with Congress in session, all eyes will be on Alabama on Tuesday https://t.co/Qa1pMjzwfv https://t.co/PjNhNKkHcH",Sun Dec 10 22:00:20 +0000 2017,0.0,0.0,0.0,1.0
245,CNN,Interior Secretary Ryan Zinke is pushing for a controversial road through a federally protected wilderness area in‚Ä¶ https://t.co/pDolVX4lDn,Sun Dec 10 21:45:11 +0000 2017,0.2732,0.155,0.096,0.749
246,CNN,"""We should all be willing to listen to"" women who speak up about inappropriate sexual behavior, including President‚Ä¶ https://t.co/BtPynSIb5U",Sun Dec 10 21:30:06 +0000 2017,0.0,0.0,0.0,1.0
247,CNN,The winners of the 2017 Nobel Peace Prize warn that nuclear destruction is 'one impulsive tantrum away'‚Ä¶ https://t.co/xzz1xLGCSw,Sun Dec 10 21:15:06 +0000 2017,0.4588,0.332,0.265,0.403
248,CNN,"""It's not at all a surprise that they (Russians) would make outreach to people they thought would have influence in‚Ä¶ https://t.co/24yiPExN9C",Sun Dec 10 21:00:42 +0000 2017,0.0736,0.096,0.083,0.821
249,CNN,Republican Sen. Susan Collins says she's not sure if she'll support the tax reform plan https://t.co/5YSNF3fLne https://t.co/tnM55Uu9G2,Sun Dec 10 20:45:14 +0000 2017,0.1872,0.137,0.1,0.763
250,CNN,Take a look at this week in politics https://t.co/8ktzXSEPN4 https://t.co/i8OYgFjIPJ,Sun Dec 10 20:30:09 +0000 2017,0.0,0.0,0.0,1.0
251,CNN,Futures trading is a new step for Bitcoin's wild ride https://t.co/GMHpH5Fw8z https://t.co/TmNf8tzIf8,Sun Dec 10 20:15:03 +0000 2017,0.0,0.0,0.0,1.0
252,CNN,She lost her leg after being hit by a drunk driver. Now she empowers fellow amputees to overcome their physical lim‚Ä¶ https://t.co/dINDZ5JW69,Sun Dec 10 20:01:56 +0000 2017,-0.5719,0.0,0.198,0.802
253,CNN,Mix-and-match health coverage can be a risky alternative to Obamacare https://t.co/23NHVKbXQW https://t.co/76jyYlu0lj,Sun Dec 10 19:45:05 +0000 2017,-0.2023,0.0,0.153,0.847
254,CNN,"CORRECTION: Jailed ""King of Spin"" Max Clifford dies in UK hospital https://t.co/mDlPZdNE9K https://t.co/qgHMGBdTP3",Sun Dec 10 19:41:08 +0000 2017,-0.4939,0.0,0.211,0.789
255,CNN,Swedish police question suspects after synagogue attack https://t.co/3AlN0ZnOnc https://t.co/5Enu6RVoqw,Sun Dec 10 19:30:29 +0000 2017,-0.6705,0.0,0.44,0.56
256,CNN,"President Trump has to live with the consequences of his Israel decision, writes Nic Robertson for @CNNOpinion‚Ä¶ https://t.co/QbOk7FJSwi",Sun Dec 10 19:15:12 +0000 2017,0.0,0.0,0.0,1.0
257,CNN,Alabama Senate candidate Roy Moore says he has never molested anyone https://t.co/4F7ipmrsLz https://t.co/quVFW9P8gs,Sun Dec 10 19:01:09 +0000 2017,0.3412,0.167,0.0,0.833
258,CNN,"""Time is of the essence,"" UN official says after visit to North Korea https://t.co/kPzalGuqWh https://t.co/KHWyssfkeX",Sun Dec 10 18:45:08 +0000 2017,0.0,0.0,0.0,1.0
259,CNN,The hidden fear driving the market surge https://t.co/jZVgAGZ7it https://t.co/MADYFBCHZ3,Sun Dec 10 18:30:10 +0000 2017,-0.4939,0.0,0.286,0.714
260,CNN,Protesters and police clash outside US embassy in Beirut https://t.co/buz5mXWp3F https://t.co/X2JNZ8p3wP,Sun Dec 10 18:15:07 +0000 2017,-0.2263,0.0,0.16,0.84
261,CNN,Heavy snow brings travel chaos to UK https://t.co/vVRzn8LEVP https://t.co/Mm7FLshDpW,Sun Dec 10 18:00:09 +0000 2017,-0.5719,0.0,0.316,0.684
262,CNN,Ski racer Lindsey Vonn injures back and pulls out of a competition in St. Moritz https://t.co/5zVmooeTLI https://t.co/KjveQNCQFs,Sun Dec 10 17:45:10 +0000 2017,0.0,0.0,0.0,1.0
263,CNN,UK foreign minister ends Iran trip with no announcement on jailed woman https://t.co/9wBvAfh8Qr https://t.co/2Wgp4dmdSE,Sun Dec 10 17:30:07 +0000 2017,-0.6597,0.0,0.31,0.69
264,CNN,The gold rush for black market fish bladders has pushed this tiny porpoise toward extinction #vaquita‚Ä¶ https://t.co/TQfbYwqPZc,Sun Dec 10 17:15:33 +0000 2017,0.0,0.0,0.0,1.0
265,CNN,Voting for CNN Hero of the Year CLOSES Tuesday 12/12 at 11:59pm PT -- VOTE NOW at https://t.co/ANMKKlbytz!‚Ä¶ https://t.co/CuFQv7zB4U,Sun Dec 10 17:03:05 +0000 2017,0.5983,0.178,0.0,0.822
266,CNN,"Here's your ski resort guide to St. Moritz, Switzerland https://t.co/9NcNA31QQ1 https://t.co/57kMyQRIOa",Sun Dec 10 16:51:30 +0000 2017,0.0,0.0,0.0,1.0
267,CNN,"""King of Spin"" Max Clifford dies in UK jail https://t.co/mDlPZdNE9K https://t.co/XodLjZtMLQ",Sun Dec 10 16:30:09 +0000 2017,0.0,0.0,0.0,1.0
268,CNN,"Alabama Sen. Richard Shelby says he ""couldn't vote for Roy Moore"" https://t.co/3T8Xq0vCXe https://t.co/mIZijkBue1",Sun Dec 10 16:20:39 +0000 2017,0.0,0.0,0.0,1.0
269,CNN,What a shot! The most amazing sports photos of 2017 https://t.co/bhSvDBYijR https://t.co/P8fBoXNPf2,Sun Dec 10 16:00:24 +0000 2017,0.6581,0.305,0.0,0.695
270,CNN,"UN Chief Ant√≥nio Guterres: ""It's essential to understand that refugees are not terrorists. They are the first victi‚Ä¶ https://t.co/x5MU0FygNd",Sun Dec 10 15:57:01 +0000 2017,0.5096,0.155,0.0,0.845
271,CNN,Pressure is mounting on Congress to act before year‚Äôs end on Deferred Action for Childhood Arrivals. What they deci‚Ä¶ https://t.co/AwRUbU4BJb,Sun Dec 10 15:45:09 +0000 2017,-0.296,0.0,0.104,0.896
272,CNN,"""It is very important for the world...that the US engages,"" UN Chief Antonio Guterres tells @FareedZakaria during a‚Ä¶ https://t.co/FDF9ehtiri",Sun Dec 10 15:43:09 +0000 2017,0.2716,0.104,0.0,0.896
273,CNN,"The Honest Company founder Jessica Alba tells @PoppyHarlowCNN that ""it‚Äôs tough when you‚Äôre the only woman in the ro‚Ä¶ https://t.co/14mpfoLC3A",Sun Dec 10 15:30:19 +0000 2017,0.4215,0.145,0.066,0.789
274,CNN,"""This is kind of the new normal,"" says California Gov. Jerry Brown, after a week of raging wildfires‚Ä¶ https://t.co/Sk6Yh2IffQ",Sun Dec 10 15:16:21 +0000 2017,-0.5267,0.0,0.167,0.833
275,CNN,She lost her leg after being hit by a drunk driver. Now she empowers fellow amputees to overcome their physical lim‚Ä¶ https://t.co/EVxCuS4uQY,Sun Dec 10 15:02:54 +0000 2017,-0.5719,0.0,0.198,0.802
276,CNN,A group of precocious kids had some tough questions for Santa Claus on @nbcsnl last night https://t.co/M70oxgiqRJ https://t.co/zDbbuNDoUT,Sun Dec 10 14:50:49 +0000 2017,-0.128,0.0,0.086,0.914
277,CNN,Rep. Adam Schiff on Russian outreach to Hope Hicks: ‚ÄúIt‚Äôs not at all a surprise that they would make outreach to pe‚Ä¶ https://t.co/MwQM9RE14r,Sun Dec 10 14:38:22 +0000 2017,0.647,0.264,0.067,0.669
278,CNN,Instagram is testing a standalone messaging app called Direct https://t.co/0B9ky2jDio https://t.co/EIP9KH2gmO,Sun Dec 10 14:30:19 +0000 2017,0.0,0.0,0.0,1.0
279,CNN,"US Ambassador to the United Nations Nikki Haley: ""Jerusalem is the capital of Israel...whatever is East Jerusalem o‚Ä¶ https://t.co/hnnw3xaf3q",Sun Dec 10 14:28:37 +0000 2017,0.4215,0.135,0.0,0.865
280,CNN,US Ambassador to the United Nations Nikki Haley: ‚ÄúI have no concern‚Äù that President Trump‚Äôs Jerusalem decision will‚Ä¶ https://t.co/ZHep68YyhL,Sun Dec 10 14:28:16 +0000 2017,0.1531,0.127,0.1,0.773
281,CNN,"US Ambassador to the United Nations Nikki Haley says moving the capital of Israel to Jerusalem will ""move the ball‚Ä¶ https://t.co/DbDpLD6McJ",Sun Dec 10 14:22:03 +0000 2017,0.4215,0.123,0.0,0.877
282,CNN,"Republican Alabama Sen. Richard Shelby says there's ""something for just about everybody"" in the GOP tax bill‚Ä¶ https://t.co/hy29AebKKk",Sun Dec 10 14:13:18 +0000 2017,0.0,0.0,0.0,1.0
283,CNN,"‚ÄúI want to reiterate again: I didn‚Äôt vote for Roy Moore, I wouldn‚Äôt vote for Roy Moore, I think the Republican Part‚Ä¶ https://t.co/2R9DV9eqAo",Sun Dec 10 14:12:33 +0000 2017,0.0772,0.064,0.0,0.936
284,CNN,"Republican Alabama Sen. Richard Shelby on Roy Moore‚Äôs accusers: ‚ÄúI think the women are believable, I have no reason‚Ä¶ https://t.co/cVbHjeOmTy",Sun Dec 10 14:08:02 +0000 2017,-0.296,0.0,0.109,0.891
285,CNN,"Republican Alabama Sen. Richard Shelby: ‚ÄúI couldn‚Äôt vote for Roy Moore, I didn‚Äôt vote for Roy Moore, I wrote in a d‚Ä¶ https://t.co/Q40njVbgsQ",Sun Dec 10 14:06:18 +0000 2017,0.0,0.0,0.0,1.0
286,CNN,"An Iranian-Turkish gold trader admitted in a US court that he made ""maybe $150 million"" by helping Iran dodge inter‚Ä¶ https://t.co/yg1Kck4Zxt",Sun Dec 10 14:01:06 +0000 2017,0.3818,0.167,0.0,0.833
287,CNN,The rise of a ‚Äòfish mafia‚Äô in this small Mexican town is killing off an entire population of small porpoises.‚Ä¶ https://t.co/AmToMyq64y,Sun Dec 10 13:30:20 +0000 2017,-0.6597,0.0,0.188,0.812
288,CNN,"We all tend to change our voices when talking to babies, but those changes can also vary across cultures. Here's ho‚Ä¶ https://t.co/knCYMFE4kH",Sun Dec 10 13:00:24 +0000 2017,0.0,0.0,0.0,1.0
289,CNN,"‚ÄúWe're not looking for perfection, we're just looking for better than yesterday."" After rehab changed his life, Aar‚Ä¶ https://t.co/5HRacrBX3M",Sun Dec 10 12:31:30 +0000 2017,-0.0253,0.127,0.131,0.742
290,CNN,"Four questions the November jobs report will help to answer:

- How low can unemployment go?

- Any remaining hurri‚Ä¶ https://t.co/3mVntmTOA4",Sun Dec 10 11:30:04 +0000 2017,-0.3182,0.114,0.211,0.675
291,CNN,Dramatic footage from @sarasidnerCNN shows one of the Southern California wildfires has jumped over a freeway while‚Ä¶ https://t.co/DFuXTPkuja,Sun Dec 10 11:01:40 +0000 2017,0.0516,0.07,0.0,0.93
292,CNN,New imaging finds crescent-shaped eye damage in a woman who tried to view the total solar eclipse in August‚Ä¶ https://t.co/SdkIu6dPPF,Sun Dec 10 10:30:12 +0000 2017,-0.4939,0.0,0.151,0.849
293,CNN,The stock market has seen a record-breaking ascent this year. But who is actually making money off the boom? Rich p‚Ä¶ https://t.co/CJ8V8KtDJb,Sun Dec 10 10:00:09 +0000 2017,0.5574,0.153,0.0,0.847
294,CNN,"Flu season is gaining speed in the United States, especially in the South, after getting off to a slow start‚Ä¶ https://t.co/nFotP1jG5X",Sun Dec 10 09:30:17 +0000 2017,0.4588,0.222,0.103,0.675
295,CNN,The gold rush for black market fish bladders has pushed this tiny porpoise toward extinction #vaquita‚Ä¶ https://t.co/5Wn1UGNZuC,Sun Dec 10 09:00:37 +0000 2017,0.0,0.0,0.0,1.0
296,CNN,"US jobs continued their strong run in November as employers added 228,000 jobs and the unemployment rate remained a‚Ä¶ https://t.co/NYSqgRvB0s",Sun Dec 10 08:30:15 +0000 2017,0.1027,0.136,0.12,0.744
297,CNN,"""Horse people are a community... Leaving one behind is like leaving a child behind ... you just can't do it.""

Hors‚Ä¶ https://t.co/6Y888FVc4X",Sun Dec 10 08:00:19 +0000 2017,0.3612,0.116,0.0,0.884
298,CNN,How states that carried Trump to victory avoid one sticky part of the tax bill https://t.co/WJ7mEeH7TA https://t.co/NYXJI8onFY,Sun Dec 10 07:30:05 +0000 2017,-0.296,0.0,0.121,0.879
299,CNN,"State Department officials defended President Trump's recognition of Jerusalem as Israel's capital, saying it refle‚Ä¶ https://t.co/MfvgXGJ45B",Sun Dec 10 07:00:16 +0000 2017,0.0,0.0,0.0,1.0
300,FoxNews,"On @ffweekend, @GovMikeHuckabee responded to @ChelseaHandler, who tweeted a vulgar video that mocks @PressSec's wei‚Ä¶ https://t.co/pHnFgNbIdo",Mon Dec 11 06:30:06 +0000 2017,-0.4588,0.0,0.176,0.824
301,FoxNews,".@RepPeteKing: ""I was at the interview with @DonaldJTrumpJr... Nobody listening to that interview can come out of t‚Ä¶ https://t.co/hwg8fBQTxu",Mon Dec 11 05:50:03 +0000 2017,0.0,0.0,0.0,1.0
302,FoxNews,".@SheriffClarke: ""If it weren't for the Republicans in Congress in the 1960s, there would be no Civil Rights Act. T‚Ä¶ https://t.co/A1N3cYqrRp",Mon Dec 11 05:40:02 +0000 2017,-0.296,0.0,0.099,0.901
303,FoxNews,".@GovMikeHuckabee: ""[The mainstream media is] delegitimizing the institution of journalism."" https://t.co/6YqMh8sz1r",Mon Dec 11 04:53:05 +0000 2017,0.0,0.0,0.0,1.0
304,FoxNews,".@GovMikeHuckabee: ""[@ChelseaHandler's] called a late night host. I think it's so late now that she's not on anymor‚Ä¶ https://t.co/j5CFbJGISJ",Mon Dec 11 04:51:06 +0000 2017,0.0,0.0,0.0,1.0
305,FoxNews,";.@TroyWerden: ""@UCBerkeley is the number one most dangerous campus for conservative students to attend."" https://t.co/12D3dMzNyH",Mon Dec 11 04:49:06 +0000 2017,-0.4754,0.073,0.192,0.735
306,FoxNews,"On @ffweekend, @LawrenceBJones3 slammed those claiming that @POTUS and his campaign colluded with Russia. https://t.co/lBdYJV14nc",Mon Dec 11 04:48:03 +0000 2017,0.0,0.0,0.0,1.0
307,FoxNews,".@RepPeteKing: ""I was at the interview with @DonaldJTrumpJr... Nobody listening to that interview can come out of t‚Ä¶ https://t.co/3FV8XE2sDz",Mon Dec 11 04:48:02 +0000 2017,0.0,0.0,0.0,1.0
308,FoxNews,"Mike Eruzione, 1980 U.S. Men's Hockey Captain: ""[@POTUS] is somebody that you should respect. Whether you agree or‚Ä¶ https://t.co/D4C24Xo8HO",Mon Dec 11 04:44:02 +0000 2017,0.6808,0.248,0.0,0.752
309,FoxNews,Do you agree with @JudgeJeanine? https://t.co/gllDDJFkna https://t.co/eeBbxsnU1U,Mon Dec 11 04:42:02 +0000 2017,0.3612,0.294,0.0,0.706
310,FoxNews,".@MariaBartiromo: ""What do you do about a politicization of the @FBI?""

Former AG Mukasey: ""You expose it and stop‚Ä¶ https://t.co/jGL2WPKRM7",Mon Dec 11 04:39:04 +0000 2017,-0.1531,0.0,0.082,0.918
311,FoxNews,".@JudgeJeanine: ""There is a cleansing needed in our FBI and Department of Justice. It needs to be cleansed of indiv‚Ä¶ https://t.co/lZaAfN2Tv4",Mon Dec 11 04:32:05 +0000 2017,0.5267,0.152,0.0,0.848
312,FoxNews,.@NancyPelosi suggests @POTUS early days in office like neophyte performing 'brain surgery' https://t.co/WLfeOGPbG0 https://t.co/U6cu3dZcIx,Mon Dec 11 04:30:06 +0000 2017,0.3612,0.161,0.0,0.839
313,FoxNews,".@GOPLeader: ""I have never watched a President so engaged... He wants to keep his promise to create more jobs and m‚Ä¶ https://t.co/T4SK0iHn9h",Mon Dec 11 04:30:05 +0000 2017,0.5267,0.188,0.0,0.812
314,FoxNews,".@MichelleMalkin on #AlSen: ""Roy Moore is going to win that election."" https://t.co/O5yEwdXxn3",Mon Dec 11 04:25:03 +0000 2017,0.5859,0.257,0.0,0.743
315,FoxNews,".@CLewandowski_: ""This is what America loves - [@POTUS] is bold, he is brash, and he is getting things done."" https://t.co/V1yuBomobH",Mon Dec 11 04:22:01 +0000 2017,0.743,0.27,0.0,0.73
316,FoxNews,".@StacyOnTheRight: ""The GDP is through the roof. Joblessness claims are down."" https://t.co/ebOcyzPWqG",Mon Dec 11 04:18:02 +0000 2017,0.0,0.0,0.0,1.0
317,FoxNews,"On @ffweekend, @SheriffClarke slammed Rep. John Lewis for boycotting @POTUS's appearance at a Civil Rights museum i‚Ä¶ https://t.co/29ZcytSMHN",Mon Dec 11 04:17:05 +0000 2017,-0.4019,0.0,0.144,0.856
318,FoxNews,"In his speech at the opening of the Mississippi Civil Rights Museum, @POTUS called for ""a future of freedom, equali‚Ä¶ https://t.co/CZfZZ60T4a",Mon Dec 11 04:15:02 +0000 2017,0.6369,0.174,0.0,0.826
319,FoxNews,".@JesseBWatters: ""The @FBI, the Department of Justice, and Robert Mueller's crew investigating the Trump campaign h‚Ä¶ https://t.co/PjZcl7KdhX",Mon Dec 11 04:14:01 +0000 2017,0.5267,0.175,0.0,0.825
320,FoxNews,"On @WattersWorld, @PressSec Sarah Sanders slammed former President @BarackObama for taking credit for the economy u‚Ä¶ https://t.co/y7ShRMmJ9q",Mon Dec 11 04:12:02 +0000 2017,0.3818,0.14,0.0,0.86
321,FoxNews,"On @ffweekend, @GovMikeHuckabee responded to @ChelseaHandler, who tweeted a vulgar video that mocks @PressSec's wei‚Ä¶ https://t.co/RhrGg1lYpn",Mon Dec 11 04:07:06 +0000 2017,-0.4588,0.0,0.176,0.824
322,FoxNews,".@HeyTammyBruce: ""Since [@POTUS] was elected, 2.2 million jobs were created... We want that to continue."" https://t.co/u7d0vqFwAS",Mon Dec 11 04:05:01 +0000 2017,0.0772,0.08,0.0,0.92
323,FoxNews,".@PressSec: ""It's laughable that President Obama thinks he has anything to do with the success of where the economy‚Ä¶ https://t.co/kjoQyOpgNz",Mon Dec 11 04:00:04 +0000 2017,0.5994,0.214,0.0,0.786
324,FoxNews,"On ""Sunday Morning Futures,"" @RepPeteKing pushed back on those claiming @DonaldJTrumpJr engaged in collusion with R‚Ä¶ https://t.co/u6MpfSs3Lr",Mon Dec 11 03:56:01 +0000 2017,0.4019,0.144,0.0,0.856
325,FoxNews,".@PeterRoskam: ""We've got to figure out how to give more middle income tax relief."" https://t.co/AYnn1kZ2Iq",Mon Dec 11 03:55:05 +0000 2017,0.0,0.0,0.0,1.0
326,FoxNews,".@SteveHiltonx: ""Republicans are wrong to claim that their tax bill will raise incomes as well. They don't seem to‚Ä¶ https://t.co/5ubvXJNRaa",Mon Dec 11 03:39:57 +0000 2017,-0.25,0.091,0.134,0.776
327,FoxNews,'Queens of the Stone Age' singer apologizes for kicking photographer in his audience https://t.co/AXNq6eBbo5,Mon Dec 11 03:33:04 +0000 2017,0.3612,0.161,0.0,0.839
328,FoxNews,New evacuations as huge Southern California fire flares up https://t.co/SyZtnsbZcs,Mon Dec 11 03:27:57 +0000 2017,-0.0258,0.181,0.189,0.63
329,FoxNews,Pelosi suggests Trump early days in office like neophyte performing 'brain surgery' https://t.co/fjDqHcBn7x,Mon Dec 11 03:18:31 +0000 2017,0.3612,0.172,0.0,0.828
330,FoxNews,"Right whales facing extinction after 17 die this year, scientists say https://t.co/In8c0Co8zf",Mon Dec 11 03:18:06 +0000 2017,-0.5994,0.0,0.262,0.738
331,FoxNews,One dead after small plane crashes near Miami airport https://t.co/aay8Kxw71u,Mon Dec 11 03:14:27 +0000 2017,-0.6486,0.0,0.323,0.677
332,FoxNews,"Earlier today, @FLOTUS called for charitable giving as the holidays approach. https://t.co/CIWZkTLmup",Mon Dec 11 03:07:01 +0000 2017,0.7717,0.461,0.0,0.539
333,FoxNews,"Self-propelled vessel intercepted smuggling more than 3,800 pounds of cocaine near Texas https://t.co/IDFCWeVXel https://t.co/3JNQh23DLb",Mon Dec 11 03:06:24 +0000 2017,-0.4767,0.0,0.193,0.807
334,FoxNews,A.B. Stoddard on @facebook Messenger for kids: ‚ÄúWhen you are on those sites you are presenting a fake version of yo‚Ä¶ https://t.co/AinycBbIRD,Mon Dec 11 03:01:32 +0000 2017,-0.4767,0.0,0.134,0.866
335,FoxNews,".@CLewandowski_: ""It took @BarackObama until February of his second year to get the ObamaCare bill done and it look‚Ä¶ https://t.co/QAQZuOWirk",Mon Dec 11 02:56:14 +0000 2017,0.0,0.0,0.0,1.0
336,FoxNews,".@CLewandowski_ on the GOP's future: ""The people of this great country voted for change and that change is‚Ä¶ https://t.co/babVRr8Rhv",Mon Dec 11 02:51:49 +0000 2017,0.7073,0.213,0.0,0.787
337,FoxNews,".@CLewandowski_: ""If a Republican is not willing to play ball, [@POTUS] is willing to call them out to fulfill the‚Ä¶ https://t.co/a1TGoxuZBl",Mon Dec 11 02:43:53 +0000 2017,0.2177,0.126,0.089,0.785
338,FoxNews,".@CLewandowski_: ""@POTUS' base is stronger and more visceral today than it was on Election Day a year ago.""‚Ä¶ https://t.co/ASOdnpzel3",Mon Dec 11 02:39:22 +0000 2017,0.3818,0.133,0.0,0.867
339,FoxNews,".@CLewandowski_ on @POTUS' Israel decision: ""There are 12 presidents preceding him that pledged to do what he did,‚Ä¶ https://t.co/UmkaVWtpWr",Mon Dec 11 02:35:57 +0000 2017,0.0,0.0,0.0,1.0
340,FoxNews,".@TomiLahren on @chelseahandler: ""She doesn't realize it, but she's @realDonaldTrump. She goes on Twitter, says som‚Ä¶ https://t.co/3rNlCJDgSM",Mon Dec 11 02:33:12 +0000 2017,0.0,0.0,0.0,1.0
341,FoxNews,".@guypbenson: ""It is exhausting to have politics shoved down my throat in every corner of American life all the tim‚Ä¶ https://t.co/owx7gcPw9E",Mon Dec 11 02:28:48 +0000 2017,-0.3612,0.0,0.111,0.889
342,FoxNews,".@TomiLahren on GOP tax plan: ""It's sending the message that we're gonna do something in Washington DC."" @NextRevFNC https://t.co/uS0aX04DRO",Mon Dec 11 02:25:08 +0000 2017,0.0,0.0,0.0,1.0
343,FoxNews,".@guypbensonon GOP tax plan: ""While it may not raise wages, it will allow people to keep more of their own money ra‚Ä¶ https://t.co/yoUxI14PNk",Mon Dec 11 02:20:08 +0000 2017,0.2263,0.079,0.0,0.921
344,FoxNews,".@SteveHiltonx: ""Republicans are wrong to claim that their tax bill will raise incomes as well. They don't seem to‚Ä¶ https://t.co/CN9RDW4k0n",Mon Dec 11 02:18:18 +0000 2017,-0.25,0.091,0.134,0.776
345,FoxNews,"Tigertown: Morris, Trammell elected to baseball Hall of Fame https://t.co/k4oeC4B79M",Mon Dec 11 01:52:56 +0000 2017,0.4404,0.244,0.0,0.756
346,FoxNews,Jerry Brown: Trump doesn't fear 'the wrath of God' https://t.co/Vf4DSUpfZl,Mon Dec 11 01:45:28 +0000 2017,0.5759,0.371,0.0,0.629
347,FoxNews,"Democratic campaign flyer compares Roy Moore to George Wallace, says he supports segregation https://t.co/7ewJ1ob2gm",Mon Dec 11 01:35:35 +0000 2017,0.3612,0.161,0.0,0.839
348,FoxNews,Mike Huckabee: Chelsea Handler's 'Vicious Attacks' Are Beginning to Backfire https://t.co/8aVWEi3DuZ,Mon Dec 11 01:20:48 +0000 2017,-0.6597,0.0,0.375,0.625
349,FoxNews,Goodell surprises terminally ill NY volunteer firefighter with Super Bowl tickets https://t.co/2VxzZSbKx0,Mon Dec 11 01:10:23 +0000 2017,0.4588,0.33,0.159,0.511
350,FoxNews,"Armie Hammer apologizes for comments about Casey Affleck, sexual assault https://t.co/YsRDA3MtYl",Mon Dec 11 01:06:39 +0000 2017,-0.3182,0.163,0.248,0.588
351,FoxNews,RIGHT NOW: Brian @Kilmeade Goes Inside the Life and Legacy of Andrew Jackson - Tune in at 8p &amp; 11p ET on Fox News C‚Ä¶ https://t.co/xzmRjuuV8G,Mon Dec 11 01:00:04 +0000 2017,0.0,0.0,0.0,1.0
352,FoxNews,Pence responds to Abbas snub over Jerusalem decision https://t.co/qinBMGmKac,Mon Dec 11 00:59:58 +0000 2017,-0.4215,0.0,0.259,0.741
353,FoxNews,'Coco' wins the box office again as theaters prepare for 'Star Wars: The Last Jedi' https://t.co/17yNivHLb7,Mon Dec 11 00:45:50 +0000 2017,0.0258,0.174,0.169,0.657
354,FoxNews,Rep. King: Worst Thing Trump Could Do Is Remove Mueller https://t.co/PkH1lj73CG,Mon Dec 11 00:38:23 +0000 2017,-0.6249,0.0,0.291,0.709
355,FoxNews,RT @EricShawnTV: Not just Russia: A new call tonight for a 2nd Independent Counsel to investigate the #Obama Justice Department's handling‚Ä¶,Mon Dec 11 00:33:54 +0000 2017,0.5267,0.159,0.0,0.841
356,FoxNews,"Woman who looked at eclipse suffered crescent-shaped eye damage, study shows https://t.co/OHsZnVVkmv",Mon Dec 11 00:26:43 +0000 2017,-0.7506,0.0,0.39,0.61
357,FoxNews,OPINION: North Korea won't start a war - @realDonaldTrump shouldn't launch an attack https://t.co/PkqBVrsoDj,Mon Dec 11 00:21:55 +0000 2017,0.6908,0.363,0.0,0.637
358,FoxNews,"OPINION: Obama still doesn‚Äôt get it ‚Äì optimism, not whining, grows an economy https://t.co/wvdPYwYMLp",Mon Dec 11 00:14:39 +0000 2017,0.6329,0.32,0.0,0.68
359,FoxNews,"Jonathan Wachtel on @POTUS' Israel decision: ""Of course there's a lot of concern in the world about where all this‚Ä¶ https://t.co/U68BNEXiW2",Mon Dec 11 00:10:21 +0000 2017,0.0,0.0,0.0,1.0
360,FoxNews,"Jonathan Wachtel on @POTUS' Israel decision: ""Look at that speech word by word and you will see plenty of room in t‚Ä¶ https://t.co/HA7laZSQVo",Sun Dec 10 23:58:40 +0000 2017,0.0,0.0,0.0,1.0
361,FoxNews,"Jonathan Wachtel on @POTUS' Israel decision: ""President #Trump isn't the only US president to have taken a bold ste‚Ä¶ https://t.co/I6XgbQOMkr",Sun Dec 10 23:56:34 +0000 2017,0.3818,0.126,0.0,0.874
362,FoxNews,".@RepDougCollins on @HillaryClinton investigation: ""[Clinton] has been around this town, she was not unaware of wha‚Ä¶ https://t.co/q8jgNevL4t",Sun Dec 10 23:46:50 +0000 2017,0.1511,0.09,0.0,0.91
363,FoxNews,"Hundreds of homes destroyed in California wildfires, @WillCarrFNC reports. @ANHQDC https://t.co/D1aSjJ5SWz https://t.co/a4a42SHdGy",Sun Dec 10 23:35:48 +0000 2017,-0.4939,0.0,0.225,0.775
364,FoxNews,'Stain on America!' @realDonaldTrump denounces 'Fake News Media' after string of major reporting errors exposed https://t.co/lcX2qh2WuV,Sun Dec 10 23:34:08 +0000 2017,-0.8398,0.0,0.454,0.546
365,FoxNews,Roy Moore denies misconduct allegations in new interview: 'I did not date underaged women' https://t.co/QiGmosf6eG,Sun Dec 10 23:16:01 +0000 2017,-0.4215,0.0,0.167,0.833
366,FoxNews,"North Korea is hacking bitcoin exchanges as currency value soars, expert says https://t.co/jBDuJAYBjG",Sun Dec 10 23:11:03 +0000 2017,0.34,0.167,0.0,0.833
367,FoxNews,TONIGHT: Brian @Kilmeade Goes Inside the Life and Legacy of Andrew Jackson - Tune in at 8p &amp; 11p ET on Fox News Cha‚Ä¶ https://t.co/vK2B5y9nBz,Sun Dec 10 23:07:03 +0000 2017,0.0,0.0,0.0,1.0
368,FoxNews,Pelosi suggests Trump early days in office like neophyte performing 'brain surgery' https://t.co/fjDqHcSYw7,Sun Dec 10 23:02:01 +0000 2017,0.3612,0.172,0.0,0.828
369,FoxNews,"At his rally Friday in Florida, @POTUS reiterated his hard-line stance on immigration. https://t.co/23mOEFXJ7a https://t.co/lTWYHgjgJS",Sun Dec 10 22:56:03 +0000 2017,0.0,0.0,0.0,1.0
370,FoxNews,".@JudgeJeanine: ""There have been times in our history where corruption and lawlessness were so pervasive, that exam‚Ä¶ https://t.co/ch5iDTkxxW",Sun Dec 10 22:51:04 +0000 2017,0.0,0.0,0.0,1.0
371,FoxNews,"Intruder shot in Pennsylvania home invasion attempt was homeowner's relative, police say https://t.co/GLQCZ1cKBV",Sun Dec 10 22:50:34 +0000 2017,0.0,0.0,0.0,1.0
372,FoxNews,#ALSen Poll Average: Moore leads Jones 49.1% to 45.3%. https://t.co/1EIM8OFjvy,Sun Dec 10 22:46:37 +0000 2017,0.0,0.0,0.0,1.0
373,FoxNews,".@GOPLeader: ""I have never watched a President so engaged... He wants to keep his promise to create more jobs and m‚Ä¶ https://t.co/RU4nIm3bbK",Sun Dec 10 22:45:26 +0000 2017,0.5267,0.188,0.0,0.812
374,FoxNews,Do you agree with @JudgeJeanine? https://t.co/gllDDJFkna https://t.co/eCZmbrOiET,Sun Dec 10 22:42:05 +0000 2017,0.3612,0.294,0.0,0.706
375,FoxNews,'Nancy Pelosi Is a Stooge': Bossie Reacts After House Minority Leader Criticizes Trump https://t.co/mIR88peLdE,Sun Dec 10 22:40:26 +0000 2017,-0.34,0.0,0.167,0.833
376,FoxNews,"Haley: Trump's Jerusalem decision will 'fastball' peace, stop Israel 'bashing' https://t.co/xvsPJ0HS4D",Sun Dec 10 22:40:07 +0000 2017,0.3182,0.238,0.15,0.612
377,FoxNews,RT @EricShawnTV: I anchor at 6pm ET @FoxNews: The @POTUS @realDonaldTrump Peace plan for #Israel and the #Palestinians. Can he succeed? Her‚Ä¶,Sun Dec 10 22:39:26 +0000 2017,0.7717,0.261,0.0,0.739
378,FoxNews,Netanyahu slams Turkey's Erdogan for claiming Israel is 'terrorist state' that 'kills children' https://t.co/GH4kgtHMOX,Sun Dec 10 22:37:34 +0000 2017,-0.8481,0.0,0.406,0.594
379,FoxNews,".@PressSec: ""It's laughable that President Obama thinks he has anything to do with the success of where the economy‚Ä¶ https://t.co/0kFm8uaokf",Sun Dec 10 22:36:02 +0000 2017,0.5994,0.214,0.0,0.786
380,FoxNews,"Mike Eruzione, 1980 U.S. Men's Hockey Captain: ""[@POTUS] is somebody that you should respect. Whether you agree or‚Ä¶ https://t.co/PsJTcCcjON",Sun Dec 10 22:30:02 +0000 2017,0.6808,0.248,0.0,0.752
381,FoxNews,".@HeyTammyBruce: ""Since [@POTUS] was elected, 2.2 million jobs were created... We want that to continue."" https://t.co/lLHFVOxS3I",Sun Dec 10 22:28:43 +0000 2017,0.0772,0.08,0.0,0.92
382,FoxNews,"Catholic priest tells black family he was 'blinded by hate,' apologizes for burning cross 40 years ago on their law‚Ä¶ https://t.co/yYp2wOXPum",Sun Dec 10 22:27:52 +0000 2017,0.3612,0.111,0.0,0.889
383,FoxNews,Do you agree with @JudgeJeanine? https://t.co/gllDDJWVLK https://t.co/n5U8fvV8OP,Sun Dec 10 22:21:16 +0000 2017,0.3612,0.294,0.0,0.706
384,FoxNews,"Presidents @BillClinton, George W. Bush, and @BarackObama all declared Jerusalem the capital of Israel. https://t.co/Ah7klpcFFy",Sun Dec 10 22:17:03 +0000 2017,0.0,0.0,0.0,1.0
385,FoxNews,Rutgers announces punishment for professor accused of making anti-Semitic remarks https://t.co/DEfcQtRVpG,Sun Dec 10 22:09:50 +0000 2017,-0.6597,0.0,0.375,0.625
386,FoxNews,The San Diego Fire-Rescue Department suited up Emily the arson investigation dog amid concern she was inhaling smok‚Ä¶ https://t.co/StVyPJ6lQr,Sun Dec 10 21:59:29 +0000 2017,0.0,0.0,0.0,1.0
387,FoxNews,".@WWE wrestler Rich Swann arrested, charged with battery of wrestler wife. https://t.co/9sNI5GCsUR",Sun Dec 10 21:54:07 +0000 2017,-0.0772,0.206,0.28,0.514
388,FoxNews,"On @ffweekend, @SheriffClarke slammed Rep. John Lewis for boycotting @POTUS's appearance at a Civil Rights museum i‚Ä¶ https://t.co/ThZPN1yHx5",Sun Dec 10 21:44:06 +0000 2017,-0.4019,0.0,0.144,0.856
389,FoxNews,Boxer Stephen Smith's ear almost ripped off in Vegas bout https://t.co/ZyyeRusMD8,Sun Dec 10 21:37:42 +0000 2017,0.0,0.0,0.0,1.0
390,FoxNews,"Haley: Trump's Jerusalem decision will 'fastball' peace, stop Israel 'bashing' https://t.co/xvsPJ0HS4D",Sun Dec 10 21:31:29 +0000 2017,0.3182,0.238,0.15,0.612
391,FoxNews,Princes William and Harry pick sculptor for Princess Diana statue https://t.co/TQ7F6Mso9F,Sun Dec 10 21:24:21 +0000 2017,0.0,0.0,0.0,1.0
392,FoxNews,#ALSen Poll Average: Moore leads Jones 49.1% to 45.3%. https://t.co/6Y2a2VAfBf,Sun Dec 10 21:14:05 +0000 2017,0.0,0.0,0.0,1.0
393,FoxNews,Sarah Sanders: 'Laughable' for Obama to Try to Take Credit for Economy https://t.co/BxoqvvIAM8,Sun Dec 10 21:09:11 +0000 2017,0.3818,0.178,0.0,0.822
394,FoxNews,Comedian @hannibalburess arrested for disorderly intoxication https://t.co/oAqQxCQMKU,Sun Dec 10 20:59:00 +0000 2017,-0.128,0.243,0.29,0.467
395,FoxNews,.@Wendys trolls fast food hack on Twitter https://t.co/Ti1zUMjJ3y,Sun Dec 10 20:52:51 +0000 2017,0.0,0.0,0.0,1.0
396,FoxNews,".@GovMikeHuckabee: ""[@ChelseaHandler's] called a late night host. I think it's so late now that she's not on anymor‚Ä¶ https://t.co/z0LKHSdXqr",Sun Dec 10 20:51:04 +0000 2017,0.0,0.0,0.0,1.0
397,FoxNews,.@nikkihaley: Jerusalem Decision Will Speed Up Middle East Peace Process https://t.co/GvI110MnKT,Sun Dec 10 20:48:37 +0000 2017,0.5423,0.259,0.0,0.741
398,FoxNews,"Hillary Clinton portrait alerts security dogs, causes road closures in Miami https://t.co/crgFOpcXCM",Sun Dec 10 20:43:54 +0000 2017,0.34,0.179,0.0,0.821
399,FoxNews,".@JudgeJeanine: ""There is a cleansing needed in our FBI and Department of Justice. It needs to be cleansed of indiv‚Ä¶ https://t.co/EQixmUybUe",Sun Dec 10 20:32:01 +0000 2017,0.5267,0.152,0.0,0.848
400,NYTimes,"Some 24 million ""smart speakers"" are expected to sell this year. But how comfortable are we with these machines? https://t.co/VlGqtp18uR",Mon Dec 11 06:28:44 +0000 2017,0.7184,0.25,0.0,0.75
401,NYTimes,"RT @nytimesworld: The 9-month battle to drive ISIS out of Iraq's second-largest city left much of it in ruins. Now, Mosul residents are pul‚Ä¶",Mon Dec 11 06:11:56 +0000 2017,-0.6705,0.0,0.2,0.8
402,NYTimes,North Korean Submarine Missile Threat Prompts U.S.-Led Military Drills https://t.co/pvxa7YQ84D,Mon Dec 11 05:53:57 +0000 2017,-0.5267,0.0,0.274,0.726
403,NYTimes,"RT @nytimesworld: A LOT of Christmas spirit on a Sydney bus. And other tales of Australian transport, in this week's Australia Diary. https‚Ä¶",Mon Dec 11 05:48:39 +0000 2017,0.1779,0.078,0.0,0.922
404,NYTimes,"With only hours until the polls open in this unlikeliest of battleground states, Democrats are deploying a sprawlin‚Ä¶ https://t.co/gSbRN4jced",Mon Dec 11 05:30:06 +0000 2017,-0.4019,0.0,0.137,0.863
405,NYTimes,"RT @NYTNational: ‚ÄúI think, so many accusations, so many cuts, so many drip, drip, drip. When it got to the 14-year-old‚Äôs story, that was en‚Ä¶",Mon Dec 11 05:16:33 +0000 2017,-0.6195,0.0,0.18,0.82
406,NYTimes,RT @NYTSports: Colin Kaepernick has accused the NFL of colluding to keep him off a team in retaliation for inspiring the wave of national a‚Ä¶,Mon Dec 11 04:59:05 +0000 2017,-0.1531,0.099,0.156,0.745
407,NYTimes,The best songs of 2017 https://t.co/bgIM0yW7hp,Mon Dec 11 04:48:03 +0000 2017,0.6369,0.457,0.0,0.543
408,NYTimes,"RT @NYTSports: Returning Eli Manning to the starting lineup restored some equilibrium, but what ails the Giants will take months, and maybe‚Ä¶",Mon Dec 11 04:35:03 +0000 2017,0.1779,0.075,0.0,0.925
409,NYTimes,"Ahead of Brexit, Paris Tries a Business Makeover https://t.co/3SPwgeo0mr",Mon Dec 11 04:32:53 +0000 2017,0.0,0.0,0.0,1.0
410,NYTimes,Volkswagen Chief Suggests Ending Subsidies for Diesel Cars https://t.co/0DBnEv04oW,Mon Dec 11 04:29:34 +0000 2017,0.0,0.0,0.0,1.0
411,NYTimes,Confused by all the news about Russia and the 2016 U.S. presidential election? We are here to help. https://t.co/vmuK2bn7Wa,Mon Dec 11 04:26:04 +0000 2017,0.1027,0.123,0.105,0.773
412,NYTimes,Your cat tattoo can have your actual cat in it https://t.co/wyrGCMsrld,Mon Dec 11 04:12:09 +0000 2017,0.0,0.0,0.0,1.0
413,NYTimes,RT @nytimesworld: Protests in Lebanon near U.S. embassy after Trump‚Äôs Jerusalem decision https://t.co/6QjgtAgUVj https://t.co/MVThAPnypJ,Mon Dec 11 03:53:03 +0000 2017,-0.2263,0.0,0.128,0.872
414,NYTimes,Horror films dominated the cultural conversation in 2017. So @nytmag asked the year's best actors to perform in a s‚Ä¶ https://t.co/1zY2LD0VYi,Mon Dec 11 03:39:09 +0000 2017,0.128,0.162,0.143,0.695
415,NYTimes,RT @nytimesworld: London's Heathrow Airport was brought to a virtual halt on Sunday after a snowstorm swept through the region https://t.co‚Ä¶,Mon Dec 11 03:25:04 +0000 2017,0.0,0.0,0.0,1.0
416,NYTimes,"17 ways to celebrate the season in New York City, from the familiar (Rockettes!) to the far-out (Taylor Mac!) https://t.co/50cu9mc8bC",Mon Dec 11 03:13:26 +0000 2017,0.6467,0.184,0.0,0.816
417,NYTimes,9 ways to work better in 2018 https://t.co/LMKfNrcMVS,Mon Dec 11 02:56:51 +0000 2017,0.4404,0.326,0.0,0.674
418,NYTimes,A high-powered attorney died. His ex-wife investigated and found a web of drug abuse in his profession.‚Ä¶ https://t.co/U9UP9O0Ryt,Mon Dec 11 02:40:03 +0000 2017,-0.8316,0.0,0.358,0.642
419,NYTimes,Op-Ed Columnist: Susan Collins and the Duping of Centrists https://t.co/sGjJ28NHxJ,Mon Dec 11 02:16:54 +0000 2017,0.0,0.0,0.0,1.0
420,NYTimes,"In a Blow to Hamas, Israel Destroys Tunnel From Gaza https://t.co/qvmAm1MCIY",Mon Dec 11 02:00:51 +0000 2017,-0.5574,0.0,0.286,0.714
421,NYTimes,"""Dark"" plays like a slower, artsier, more complicated take on ""Stranger Things,"" our critic writes https://t.co/mwFkGjnwjd",Mon Dec 11 01:52:46 +0000 2017,0.34,0.242,0.113,0.645
422,NYTimes,2017: The Year in New York https://t.co/oMSRlih8ib,Mon Dec 11 01:35:34 +0000 2017,0.0,0.0,0.0,1.0
423,NYTimes,President Trump called for a Washington Post reporter to be fired over a misleading tweet https://t.co/NLAYpP1rDI,Mon Dec 11 01:17:47 +0000 2017,-0.743,0.0,0.344,0.656
424,NYTimes,"Melting glaciers, wicked hot summers, water crises. These are the climate stories to read from this year. https://t.co/6tmy4MU3z0",Mon Dec 11 00:57:34 +0000 2017,-0.5267,0.0,0.167,0.833
425,NYTimes,A dying man had ‚Äúdo not resuscitate‚Äù tattooed on his chest. Doctors said it ‚Äúproduced more confusion than clarity.‚Äù https://t.co/d1C8KThhvB,Mon Dec 11 00:40:33 +0000 2017,-0.3597,0.0,0.122,0.878
426,NYTimes,The Look: After-School Special https://t.co/MDkn8XkFiy,Mon Dec 11 00:22:04 +0000 2017,0.4019,0.403,0.0,0.597
427,NYTimes,The risk can‚Äôt be ignored but isn‚Äôt as great as it may seem from a recent study https://t.co/VYh6cV0i4H,Mon Dec 11 00:17:42 +0000 2017,0.6652,0.247,0.14,0.613
428,NYTimes,Op-Ed Contributor: The Man Who Danced on the Heads of Snakes https://t.co/WBlhVk3eLq,Mon Dec 11 00:01:25 +0000 2017,0.0,0.0,0.0,1.0
429,NYTimes,The American ambassador to the UN said that the women who have accused Trump of sexual misconduct ‚Äúshould be heard‚Äù https://t.co/tgad1uL3Qp,Sun Dec 10 23:47:55 +0000 2017,-0.296,0.0,0.099,0.901
430,NYTimes,"Luke Skywalker‚Äôs lineage is a narrative backbone in ""Star Wars."" So it's natural to wonder: who are Rey's parents?‚Ä¶ https://t.co/w9Mfts2iaA",Sun Dec 10 23:30:13 +0000 2017,0.4173,0.134,0.0,0.866
431,NYTimes,How ISIS Produced Its Cruel Arsenal on an Industrial Scale https://t.co/afprGpE6NB,Sun Dec 10 23:21:37 +0000 2017,-0.5859,0.0,0.275,0.725
432,NYTimes,"RT @nytopinion: Over the last 50 years or so, the rules about a woman‚Äôs place were shattered. I saw all this happen, and it knocks me out w‚Ä¶",Sun Dec 10 23:10:01 +0000 2017,-0.4767,0.0,0.11,0.89
433,NYTimes,"Porgs, Ewoks and Rathtars: A Field Guide to ‚ÄòStar Wars‚Äô Creatures https://t.co/S6siGWTZYo",Sun Dec 10 23:02:21 +0000 2017,0.0,0.0,0.0,1.0
434,NYTimes,Boris Johnson leaves Tehran without a clear statement on imprisoned Brits and a tank dispute https://t.co/M9iwZQJbF4,Sun Dec 10 23:00:26 +0000 2017,-0.7835,0.0,0.417,0.583
435,NYTimes,An NYT reader's reaction to an article about President Trump‚Äôs daily fight for self-preservation‚Ä¶ https://t.co/F705vf9Qoi,Sun Dec 10 22:50:38 +0000 2017,-0.3818,0.0,0.157,0.843
436,NYTimes,"‚ÄúThe Disaster Artist‚Äù had a very strong weekend, taking in $6.4 million in relatively limited release https://t.co/aqQ9xFGouJ",Sun Dec 10 22:45:05 +0000 2017,-0.3415,0.159,0.266,0.575
437,NYTimes,Louis C.K. will buy back the rights to his film after sexual misconduct allegations led to the movie‚Äôs shelving https://t.co/F92nFIGdzZ,Sun Dec 10 22:30:05 +0000 2017,0.0,0.0,0.0,1.0
438,NYTimes,"This ""Odyssey"" strips away formulaic language to let the characters take center stage https://t.co/EMx7fd4Q8S",Sun Dec 10 22:15:07 +0000 2017,0.0,0.0,0.0,1.0
439,NYTimes,Sometimes it‚Äôs hard to keep track of what‚Äôs arriving when. But we‚Äôre here to help. https://t.co/peCXk6zyrC,Sun Dec 10 22:00:08 +0000 2017,0.3182,0.149,0.077,0.773
440,NYTimes,"Alexandra Bell puts The New York Times under the microscope, and offers her own ‚Äúcounternarratives‚Äù of the news‚Ä¶ https://t.co/kPDfkmDx1g",Sun Dec 10 21:45:07 +0000 2017,0.0,0.0,0.0,1.0
441,NYTimes,"‚ÄúWe were all born to die.‚Äù In our video, we follow a mother who fights her own personal demons as her son fights ca‚Ä¶ https://t.co/s69owvxKdo",Sun Dec 10 21:30:14 +0000 2017,-0.6597,0.0,0.197,0.803
442,NYTimes,A tour of Los Angeles‚Äôs flourishing pot scene https://t.co/lzSpDtPJkq,Sun Dec 10 21:15:02 +0000 2017,0.0,0.0,0.0,1.0
443,NYTimes,"In a live TV remake of the holiday classic ""A Christmas Story,"" Jane Krakowski plays Ralphie's teacher https://t.co/r1s6lxmM05",Sun Dec 10 21:00:07 +0000 2017,0.5719,0.239,0.0,0.761
444,NYTimes,"As Alabama's Senate race winds down, residents are lamenting that policy issues didn't seize the spotlight https://t.co/5RaJtzyHAg",Sun Dec 10 20:45:13 +0000 2017,-0.4588,0.0,0.158,0.842
445,NYTimes,"The week‚Äôs top stories, and a look ahead https://t.co/zoAsvlH7W5",Sun Dec 10 20:30:06 +0000 2017,0.2023,0.205,0.0,0.795
446,NYTimes,RT @danielle_ivory: NEW: Confidential internal EPA documents obtained by the @nytimes show that a slowdown of enforcement coincides with po‚Ä¶,Sun Dec 10 20:23:00 +0000 2017,0.0,0.0,0.0,1.0
447,NYTimes,"RT @nytimesbooks: Did you love ""Brown Girl Dreaming""? @JackieWoodson will publish 2 new books for young readers next year. https://t.co/9jj‚Ä¶",Sun Dec 10 20:19:26 +0000 2017,0.6369,0.189,0.0,0.811
448,NYTimes,"Watching the ""Me, Too"" campaign, some particularly courageous Afghan women are more willing to talk about assaults https://t.co/Ws52CUJm2o",Sun Dec 10 20:15:02 +0000 2017,0.0498,0.159,0.151,0.69
449,NYTimes,"He's 22, she's 81, and their friendship is melting hearts. A forgotten war orphan. The weird pot scene in L.A. https://t.co/epDpoj7vEX",Sun Dec 10 20:00:08 +0000 2017,-0.5574,0.11,0.284,0.606
450,NYTimes,The risk can‚Äôt be ignored but isn‚Äôt as great as it may seem from a recent study https://t.co/M0Gfsl6tft,Sun Dec 10 19:45:06 +0000 2017,0.6652,0.247,0.14,0.613
451,NYTimes,The American ambassador to the UN said that the women who have accused Trump of sexual misconduct ‚Äúshould be heard‚Äù https://t.co/eN6Wg9hVRo,Sun Dec 10 19:38:47 +0000 2017,-0.296,0.0,0.099,0.901
452,NYTimes,‚ÄúThere is no place for anti-Semitism in our Swedish society. The perpetrators will answer for their crimes.‚Äù https://t.co/4MdjtivD9Z,Sun Dec 10 19:30:30 +0000 2017,-0.4939,0.0,0.208,0.792
453,NYTimes,Pick up the phone rather than relying on apps https://t.co/j2WY3UJNOs,Sun Dec 10 19:15:12 +0000 2017,0.0,0.0,0.0,1.0
454,NYTimes,The map was expected to sell for over $1 million but was withdrawn from a Christie's sale https://t.co/yfDF7nfIXE,Sun Dec 10 19:00:20 +0000 2017,0.0,0.0,0.0,1.0
455,NYTimes,Who are Rey's parents? The internet has theories. https://t.co/YnIOnS6jJX https://t.co/U4qIOOS7Rt,Sun Dec 10 18:45:16 +0000 2017,0.0,0.0,0.0,1.0
456,NYTimes,Watch: Ashley Iorio and David Sands met at the United States Naval Academy and were wed on Veterans Day #Daily360‚Ä¶ https://t.co/zsM8BN4HxV,Sun Dec 10 18:30:10 +0000 2017,0.4215,0.123,0.0,0.877
457,NYTimes,"In an improbable turn of events, the sound of silence went viral https://t.co/oLYdOmma20",Sun Dec 10 18:15:05 +0000 2017,0.0,0.0,0.0,1.0
458,NYTimes,"How to know if an app is appropriate for children, or even educational https://t.co/4LqtR4iPFg",Sun Dec 10 18:00:17 +0000 2017,0.0,0.0,0.0,1.0
459,NYTimes,At center stage of what looked like a Nine Inch Nails concert was Taylor Swift https://t.co/ByBFKKZWg1,Sun Dec 10 17:45:10 +0000 2017,0.5106,0.249,0.0,0.751
460,NYTimes,"Senator Richard Shelby, a fixture of Republican politics in Alabama, said on national television that the party cou‚Ä¶ https://t.co/zJePeEuBgO",Sun Dec 10 17:30:11 +0000 2017,0.4019,0.137,0.0,0.863
461,NYTimes,Opinion: It's been brutal for anyone who believes America‚Äôs public lands are best left in their natural state https://t.co/LzyFFs4u9h,Sun Dec 10 17:15:15 +0000 2017,0.3818,0.25,0.153,0.597
462,NYTimes,We‚Äôre interested in hearing from parents whose children faced a serious illness. We invite you to share your experi‚Ä¶ https://t.co/U9UaNOtkNf,Sun Dec 10 17:02:48 +0000 2017,0.3612,0.265,0.163,0.571
463,NYTimes,"‚ÄúThey gave me 50/50, but we‚Äôve changed it to 51/49, so that I have the upper hand."" https://t.co/WpJn4eejKV https://t.co/VZqrtaXUDY",Sun Dec 10 17:00:21 +0000 2017,0.0,0.0,0.0,1.0
464,NYTimes,President Trump called for a Washington Post reporter to be fired over a misleading tweet https://t.co/60rquXrO18,Sun Dec 10 16:45:05 +0000 2017,-0.743,0.0,0.344,0.656
465,NYTimes,Thousands of protesters chanted slogans against Trump‚Äôs decision to recognize Jerusalem as the capital of Israel https://t.co/icMzSfgJ0k,Sun Dec 10 16:30:08 +0000 2017,-0.2263,0.0,0.106,0.894
466,NYTimes,Rising incomes allow China‚Äôs retirees to enjoy a retirement that would have been unthinkable for their parents https://t.co/w4gBshsfmM,Sun Dec 10 16:15:07 +0000 2017,0.6249,0.254,0.0,0.746
467,NYTimes,RT @EricLiptonNYT: There's widespread evidence that the Trump admin has been rolling back federal regulations. How about enforcement target‚Ä¶,Sun Dec 10 16:14:28 +0000 2017,0.0,0.0,0.0,1.0
468,NYTimes,@lucasgrindley We lost that challenge. Sorry about the error. Thanks for catching it! https://t.co/sZeNajXoe4,Sun Dec 10 16:01:27 +0000 2017,-0.3382,0.212,0.333,0.455
469,NYTimes,The EPA under President Trump has slowed down efforts to punish polluters https://t.co/R1s7qP5oTR,Sun Dec 10 16:00:05 +0000 2017,-0.7506,0.0,0.368,0.632
470,NYTimes,@AnonyMs_One Thanks for alerting us to the error. Sorry about that! https://t.co/sZeNajXoe4,Sun Dec 10 15:57:05 +0000 2017,-0.1007,0.179,0.265,0.556
471,NYTimes,"Modern Love: What 9 years of therapy and ""open"" Scrabble taught her about love https://t.co/qAJC03ajuk (Correction:‚Ä¶ https://t.co/SepmMvhYqT",Sun Dec 10 15:45:12 +0000 2017,0.8555,0.375,0.0,0.625
472,NYTimes,Max Clifford was serving an 8-year sentence for sexual offenses against victims as young as 15 https://t.co/XqLWWte10z,Sun Dec 10 15:30:03 +0000 2017,-0.5423,0.065,0.239,0.697
473,NYTimes,Your cat tattoo can have your actual cat in it https://t.co/4pxWo0GJ4F,Sun Dec 10 15:15:10 +0000 2017,0.0,0.0,0.0,1.0
474,NYTimes,"We interviewed members of 7 families who have spoken to parents, grandparents, sons or daughters about sexual assau‚Ä¶ https://t.co/RGe2KNXXEI",Sun Dec 10 15:00:16 +0000 2017,0.0,0.0,0.0,1.0
475,NYTimes,"In most places, a dollar is a dollar. But in the tax plan, the amount you make may be less important than how you m‚Ä¶ https://t.co/Zx7pr7K69P",Sun Dec 10 14:30:24 +0000 2017,0.1298,0.061,0.0,0.939
476,NYTimes,"Ojai is a picturesque town known for healthy, spiritual living. The California fires have disrupted that. https://t.co/bPYRgMz3es",Sun Dec 10 14:00:20 +0000 2017,0.6486,0.275,0.0,0.725
477,NYTimes,Some consumers are finding they can get a better deal on prescription drugs by leaving their insurance cards at home https://t.co/qK3Wrewxyp,Sun Dec 10 13:30:09 +0000 2017,0.4404,0.132,0.0,0.868
478,NYTimes,"The Stone: For Veterans, a Path to Healing ‚ÄòMoral Injury‚Äô https://t.co/69S0AXL1cF",Sun Dec 10 13:07:39 +0000 2017,0.0,0.0,0.0,1.0
479,NYTimes,"Trump sees the presidency as a prize he must fight to protect every waking moment, and Twitter is his Excalibur‚Ä¶ https://t.co/6aEvx25mLU",Sun Dec 10 13:00:16 +0000 2017,0.5106,0.231,0.102,0.667
480,NYTimes,"Jerusalem is not just its postcard vistas. The day-in, day-out friction can be draining. https://t.co/kQqIbm7cqC",Sun Dec 10 12:30:13 +0000 2017,0.0,0.0,0.0,1.0
481,NYTimes,"‚ÄúPlease do not shoot me"": Newly released body camera footage shows a police officer shooting an unarmed man in Ariz‚Ä¶ https://t.co/gN14S1iQu1",Sun Dec 10 12:00:04 +0000 2017,0.2584,0.097,0.0,0.903
482,NYTimes,Protests in Lebanon Near U.S. Embassy After Trump‚Äôs Jerusalem Decision https://t.co/rhTl1as2l0,Sun Dec 10 11:47:06 +0000 2017,-0.2263,0.0,0.16,0.84
483,NYTimes,"92 Somali citizens were flown out of the U.S. under orders of deportation, but their plane never made it to Somalia https://t.co/o0dc6Jm9A2",Sun Dec 10 11:30:07 +0000 2017,0.0,0.0,0.0,1.0
484,NYTimes,"What Trump‚Äôs decision to recognize Jerusalem as Israel‚Äôs capital means for the city, the conflict and the world https://t.co/TMzXarFvfL",Sun Dec 10 11:00:12 +0000 2017,-0.3182,0.0,0.113,0.887
485,NYTimes,Janet Yellen Didn‚Äôt Set Out to Be a Feminist Hero https://t.co/ZBBXFKq6qG,Sun Dec 10 10:58:30 +0000 2017,0.5574,0.286,0.0,0.714
486,NYTimes,"How Luke Bryan and Blake Shelton, 2 of Nashville‚Äôs biggest stars, are adapting to country‚Äôs new ways https://t.co/v9ZM6v9Rqr",Sun Dec 10 10:36:14 +0000 2017,0.0,0.0,0.0,1.0
487,NYTimes,She survived a brain tumor at age 4. It was just the start of her fight. https://t.co/JmOzuWU2wz,Sun Dec 10 10:19:16 +0000 2017,-0.2263,0.153,0.242,0.605
488,NYTimes,A new way of measuring school performance turns up some unexpected winners https://t.co/gU9YlIGWja,Sun Dec 10 10:02:12 +0000 2017,0.4767,0.22,0.0,0.78
489,NYTimes,"The Power of Touch, Especially for Men https://t.co/ZM0Vsniy2Z",Sun Dec 10 09:43:19 +0000 2017,0.0,0.0,0.0,1.0
490,NYTimes,"After the death of a young son, can a long road trip help a family to heal? https://t.co/PqFvd8sU6r",Sun Dec 10 09:29:06 +0000 2017,-0.296,0.138,0.199,0.663
491,NYTimes,"Tens of thousands of people said goodbye and ""Merci, Johnny"" to the French rocker Johnny Hallyday in Paris https://t.co/NIAg0tdWJa",Sun Dec 10 09:10:03 +0000 2017,0.0,0.0,0.0,1.0
492,NYTimes,"‚ÄòS.N.L.,‚Äô Santa and James Franco Relentlessly Tackle Sexual Harassment https://t.co/kgdLeYncPO",Sun Dec 10 08:53:33 +0000 2017,-0.5423,0.0,0.28,0.72
493,NYTimes,"""To me, the college send-off was not a blues for Chloe. It was a celebration."" https://t.co/btkS6LZCJt",Sun Dec 10 08:50:24 +0000 2017,0.0,0.0,0.0,1.0
494,NYTimes,He defected from North Korea more than 3 decades ago. So why won't the South accept him? https://t.co/ojIaNT0KB1,Sun Dec 10 08:34:21 +0000 2017,-0.5972,0.0,0.246,0.754
495,NYTimes,"Ruby Rose has a whole closet dedicated to skin and hair care. ""I consider this all self-care,"" she said. https://t.co/mGUBF2B6h9",Sun Dec 10 08:15:10 +0000 2017,0.7351,0.267,0.0,0.733
496,NYTimes,"Actually, you do want to know how this sausage gets made https://t.co/SDmBZBmDkJ via @NYTScience",Sun Dec 10 07:59:01 +0000 2017,0.0772,0.091,0.0,0.909
497,NYTimes,8 ways to have a better relationship in 2018 https://t.co/VlRuKBEKvC,Sun Dec 10 07:40:01 +0000 2017,0.4404,0.293,0.0,0.707
498,NYTimes,An algorithm analyzed 52 million dolphin clicks. It found 7 distinct types of sounds. https://t.co/noyluyBGrH,Sun Dec 10 07:20:51 +0000 2017,0.0,0.0,0.0,1.0
499,NYTimes,Older Venezuelans who have migrated say that arguably the biggest hardship is starting over in their sunset years https://t.co/Z9RfqIqtuH,Sun Dec 10 07:04:24 +0000 2017,-0.5106,0.0,0.202,0.798
